Notifique a su Banco o institución financiera la pérdida o robo de sus tarjetas, chequeras o si sospecha que alguien está utilizando sus cuentas sin su permiso.	notifique	diga	diga	diga	diga	diga	avise	avise	avise	avise	informe	informe	informe	comunique	comunique	comunique	avisa	alerten	comuniquen	expliquen	indique
Una falta de liquidez ocasiona problemas que pueden amenazar la permanencia del negocio en el mercado; problemas como: detención de pago de sueldos, falta de inventario, restricción de crédito de proveedores, falta de capital de trabajo, entre otros.	sueldos 	salarios	salarios	salarios	salarios	salarios	salarios	salarios	salarios	dinero	dinero	sueldo	nónimas	salario	pagas	mensualidades	pagos
Una falta de liquidez ocasiona problemas que pueden amenazar la permanencia del negocio en el mercado; problemas como: detención de pago de sueldos, falta de inventario, restricción de crédito de proveedores, falta de capital de trabajo, entre otros.	amenazar 	afectar	afectar	afectar	poner en peligro	poner en peligro	poner en peligro	amenazar	amenazar	peligrar	peligrar	desafiar	comprometer	dar problemas	provocar	poner en riesgo
Una falta de liquidez ocasiona problemas que pueden amenazar la permanencia del negocio en el mercado; problemas como: detención de pago de sueldos, falta de inventario, restricción de crédito de proveedores, falta de capital de trabajo, entre otros.	ocasiona 	produce	produce	produce	produce	produce	genera	genera	genera	genera	genera	causa	causa	causa	causa	causa	crea	crea	crea	provoca	provoca	provoca	da	resulta en	lleva a	le sigue
Cuando se visita a los norteamericanos y se estudian sus leyes, se ve que la autoridad que han dado a los legistas y la influencia que les han dejado tener en el gobierno, forman hoy la más poderosa barrera contra los desvíos de la democracia.	norteamericanos 	estadounidenses	estadounidenses	estadounidenses	estadounidenses	estadounidenses	americanos	americanos	americanos	norteamericanos	norteamericanos	estadunidenses	nortamericanos	gringos	yanquis
Cuando se visita a los norteamericanos y se estudian sus leyes, se ve que la autoridad que han dado a los legistas y la influencia que les han dejado tener en el gobierno, forman hoy la más poderosa barrera contra los desvíos de la democracia.	desvíos 	problemas	problemas	problemas	errores	errores	desvíos	desvíos	alejamientos	abandono	desviaciones	dificultades	malos usos	incumplimientos	alteraciones	irregularidades	caminos	difurcación	valores
Cuando se visita a los norteamericanos y se estudian sus leyes, se ve que la autoridad que han dado a los legistas y la influencia que les han dejado tener en el gobierno, forman hoy la más poderosa barrera contra los desvíos de la democracia.	legistas 	abogados	abogados	abogados	juristas	juristas	juristas	legisladores	legisladores	expertos en leyes	organizadores	gobernadores	letrados	personas de leyes	abogados y jueces	expertos	legistas
Dicha prosperidad o seguridad está estrechamente vinculada al trabajo, porque no existe aquélla sin el trabajo intenso, para el cual realmente no hay sustituto.	sustituto 	reemplazo	reemplazo	reemplazo	opción	opción	sustituto	sustituto	alternativa	alternativa	recambio	suplente	remplazo	otra persona	nadie más	solución	cambio	relevo
Dicha prosperidad o seguridad está estrechamente vinculada al trabajo, porque no existe aquélla sin el trabajo intenso, para el cual realmente no hay sustituto.	vinculada 	relacionada	relacionada	relacionada	relacionada	relacionada	relacionada	relacionada	unida	unida	unida	unida	unida	ligada	ligada	ligada	ligada	conectada	conectada	conectada	asociada	asociada	asociada	vinculada	atada
Dicha prosperidad o seguridad está estrechamente vinculada al trabajo, porque no existe aquélla sin el trabajo intenso, para el cual realmente no hay sustituto.	dicha 	esta	esta	esta	esta	esta	esta	esa	esa	esa	esa	esa	la	la	la	la mencionada	la mencionada	tal	tal	la nombrada	aquella	dicha
El único estado que no exige el seguro de responsabilidad exige a los automovilistas que demuestren que tienen fondos suficientes para cubrir los gastos si tienen la culpa en el incidente.	fondos 	dinero	dinero	dinero	dinero	dinero	dinero	dinero	recursos	recursos	recursos	reservas	reservas	ingresos	ingresos	dineros	bienes	medios	fondos	finanzas	capacidad	posibilidad	solvencia	plata
El único estado que no exige el seguro de responsabilidad exige a los automovilistas que demuestren que tienen fondos suficientes para cubrir los gastos si tienen la culpa en el incidente.	exige 	pide	pide	pide	pide	pide	pide	pide	pide	pide	demanda	demanda	demanda	demanda	requiere	requiere	requiere	reclama	reclama	obliga	solicita	precisa
El único estado que no exige el seguro de responsabilidad exige a los automovilistas que demuestren que tienen fondos suficientes para cubrir los gastos si tienen la culpa en el incidente.	demuestren 	muestren	muestren	muestren	muestren	muestren	muestren	muestren	prueben	prueben	prueben	prueben	prueben	prueben	enseñen	enseñen	justifiquen	justifiquen	indiquen	verifiquen	expresen	expliquen	manifiesten
Las comunidades dependen de la producción de bienes y servicios producidos para mover la economía lo más equilibradamente posible.	producidos 	hechos	hechos	hechos	hechos	hechos	generados	generados	generados	elaborados	elaborados	creados	creados	producidos	usados	fabricados	realizados
Las comunidades dependen de la producción de bienes y servicios producidos para mover la economía lo más equilibradamente posible.	comunidades 	comunidades	comunidades	comunidades	personas	personas	asociaciones	asociaciones	sociedades	sociedades	poblaciones	poblaciones	poblaciónes	pueblos	regiones	agrupaciones
Las comunidades dependen de la producción de bienes y servicios producidos para mover la economía lo más equilibradamente posible.	equilibradamente 	balanceadamente	balanceadamente	mesuradamente	igualado	sensato	de forma balanceada	equitativamente	de forma equilibrada	facilmente	suavemente	correctamente	perfectamente	uniformemente	niveladamente	llanamente	aplanadamente	ajustadamente	controladamente	igualitariamente	justamente
Los documentos debe archivarlos en fólderes o carpetas separados, identificando cada carpeta y organizándola en orden alfabético o por asuntos, en un archivador o caja de seguridad.	carpeta 	carpeta	carpeta	carpeta	carpeta	carpeta	carpeta	carpeta	carpeta	archivo	archivo	folder
Los documentos debe archivarlos en fólderes o carpetas separados, identificando cada carpeta y organizándola en orden alfabético o por asuntos, en un archivador o caja de seguridad.	archivarlo 	guardarlos	guardarlos	guardarlos	guardarlos	guardarlo	guardarlo	guardarlo	almacenarlos	almacenarlos	resguardarlos	reservarlo	preservarlo	copiarlo	guardarlo con orden	colocar con orden	tenerlos	almacenarlo	ordenarlo	colocados	almacenados	ordenados
Los documentos debe archivarlos en fólderes o carpetas separados, identificando cada carpeta y organizándola en orden alfabético o por asuntos, en un archivador o caja de seguridad.	archivador 	archivador	archivador	archivador	carpeta	carpeta	caja	cajón	clasificador	archivo	fichero	guardapapeles	dosier	depósito
Los seguros son una modalidad de gestión financiera que le ayudará a las personas a prevenir descalabros en sus ingresos y en su seguridad personal que en un momento dado son inevitables y que a cualquier persona pueden ocurrirle.	prevenir 	evitar	evitar	evitar	evitar	evitar	evitar	prever	anticipar	parar	escapar	salvarse de	impedir	prevenir	adelantar	intuir
Los seguros son una modalidad de gestión financiera que le ayudará a las personas a prevenir descalabros en sus ingresos y en su seguridad personal que en un momento dado son inevitables y que a cualquier persona pueden ocurrirle.	modalidad 	forma	forma	forma	forma	forma	manera	manera	manera	manera	tipo	tipo	tipo	modo	modo	modo	opción	sistema	vía	modalidad	clase
Los seguros son una modalidad de gestión financiera que le ayudará a las personas a prevenir descalabros en sus ingresos y en su seguridad personal que en un momento dado son inevitables y que a cualquier persona pueden ocurrirle.	descalabros 	problemas	problemas	problemas	problemas	daños	daños	daños	contratiempos	perdidas	perjuicios	despilfarro	sobre gastos	pérdidas	dificultades	grandes pérdidas	mucha reducción	desordenes	desajustes	altibajos	caidas	bajadas	desequilibros	líos	complicaciones
Notifique a su Banco o institución financiera la pérdida o robo de sus tarjetas, chequeras o si sospecha que alguien está utilizando sus cuentas sin su permiso.	utilizando 	usando	usando	usando	usando	usando	usando	usando	usando	usando	accediendo a	empleando	aprovechando	manipulando
Notifique a su Banco o institución financiera la pérdida o robo de sus tarjetas, chequeras o si sospecha que alguien está utilizando sus cuentas sin su permiso.	chequeras 	chequeras	chequeras	chequeras	chequeras	chequeras	chequeras	telonarios	talones	papel de cheques	cheques	talonario de cheques
Pueden estar colmados de desbarajustes y el bienestar de la familia puede estar en una terrible situación, pero ellos ya se acostumbraron a ella.	acostumbraron 	adaptaron	adaptaron	adaptaron	adaptaron	habituaron	habituaron	habituaron	habituaron	acostumbraron	acostumbraron	acomodaron	hicieron	normalizado	familiarizaron	amoldaron	ajustaron
Pueden estar colmados de desbarajustes y el bienestar de la familia puede estar en una terrible situación, pero ellos ya se acostumbraron a ella.	colmados 	llenos	llenos	llenos	llenos	llenos	llenos	llenos	llenos	repletos	repletos	repletos	completos	colmados	lleno
Pueden estar colmados de desbarajustes y el bienestar de la familia puede estar en una terrible situación, pero ellos ya se acostumbraron a ella.	desbarajustes 	problemas	problemas	problemas	problemas	desequilibrios	desequilibrios	caos	caos	desordenes	desordenes	desorden	líos	incorrecciones	chapuzas	enredos	desbarajustes	sucesos	inconvenientes	complicaciones
Y le va a presentar algunos retos personales pero no es ese escenario lúgubre que tal vez esperaría.	esperaría 	esperaría	esperaría	esperaría	esperaría	desearía	desearía	desearía	creería	quierería	pueda pensar	pueda creer	pueda imaginarse	imaginaria	pensaria	creeria
Y le va a presentar algunos retos personales pero no es ese escenario lúgubre que tal vez esperaría.	retos 	desafíos	desafíos	desafíos	desafíos	problemas	problemas	problemas	dificultades	dificultades	pruebas	pruebas	desafios	deasfíos	esfuerzos	objetivos
Y le va a presentar algunos retos personales pero no es ese escenario lúgubre que tal vez esperaría.	lúgubre 	oscuro	oscuro	oscuro	oscuro	oscuro	triste	triste	triste	triste	difícil	difícil	complicado	tenebroso	depresivo	complejo	mal	mala	desesperada	sombrío	lúgubre	desolador	siniestro	cutre
