Els manifestants han denunciat que en els darrers anys "els successius governs d'aquí i d'allà han passat del menyspreu al desmantellament de l'escola pública, començant a Catalunya per la pròpia LEC" i han alertat que s'està "deteriorant greument la qualitat de l'educació pública i les condicions laborals dels treballadors".	successius 	diferents	diferents	diferents	successius	successius	contigus	differents	diversos	continus	consecutius	seguit	seguits	ultims	tots	tot el conjunt	succesius	anteriors	previs
Els manifestants han denunciat que en els darrers anys "els successius governs d'aquí i d'allà han passat del menyspreu al desmantellament de l'escola pública, començant a Catalunya per la pròpia LEC" i han alertat que s'està "deteriorant greument la qualitat de l'educació pública i les condicions laborals dels treballadors".	deteriorant 	debilitant	debilitant	debilitant	danyant	danyant	danyant	deteriorant	deteriorant	deteriorant	minant	posar en mal estat	fent mal	espatllant	empobrint	afeblint	deformant: desarticulant	perjudicant	fent malbe	tornant pitjor	canviant malament
Els manifestants han denunciat que en els darrers anys "els successius governs d'aquí i d'allà han passat del menyspreu al desmantellament de l'escola pública, començant a Catalunya per la pròpia LEC" i han alertat que s'està "deteriorant greument la qualitat de l'educació pública i les condicions laborals dels treballadors".	desmantellament 	destrucció	destrucció	destrucció	destrucció	abandono	abandono	eliminar	esborrar	excloure	tancament	desconstrucció.	desmuntatge	desfeta	desmantellament	desarmament	la eliminació	a desmunta	a desfer-se	destrossar	desmuntar	final	desfer	destrucció lenta i per parts
Ribó ha apel·lat tota la jerarquia eclesiàstica a Catalunya, començant pel cardenal Omella, a "trobar la màxima interlocució i col·laboració pels casos que se'ns puguin presentar" i s'ha mostrat convençut que així serà, perquè li han donat "proves que hi estan disposats".	eclesiàstica 	religiosa	religiosa	religiosa	de la esglesia	de la esglesia	de l'església	de l'església	eclesiàstica	eclesiàstica	clergue	catolica	clerical	religios	esglesia	de l.esglesia	eclesiastica
Ribó ha apel·lat tota la jerarquia eclesiàstica a Catalunya, començant pel cardenal Omella, a "trobar la màxima interlocució i col·laboració pels casos que se'ns puguin presentar" i s'ha mostrat convençut que així serà, perquè li han donat "proves que hi estan disposats".	jerarquia 	jerarquia	jerarquia	jerarquia	jerarquia	jerarquia	ordre	ordre	prelatura	dignataris	gobern	organizació	associació	direcció	conclau	clero	estructura	distribució	cadena de poder	governants	societat
Ribó ha apel·lat tota la jerarquia eclesiàstica a Catalunya, començant pel cardenal Omella, a "trobar la màxima interlocució i col·laboració pels casos que se'ns puguin presentar" i s'ha mostrat convençut que així serà, perquè li han donat "proves que hi estan disposats".	interlocució 	diàleg	diàleg	diàleg	diàleg	diàleg	conversa	conversa	conversa	comunicació	comunicació	discussió	discussió	conversació	conversació	conversación	interacció	parlar	interlocució	xerrada	conferència	entesa	comprensió	el màxim diàleg	parlar entre ells	disposicio	intercanvi d'idees
Segons afirmen, el text certifica una "profunda claudicació en defensa del sistema d'immersió", tot proposant una "versió pròpia" del TIL aplicat a les Illes Balears que "no recull la realitat sociolingüística del català com a llengua minoritzada".	minoritzada 	minoritaria	minoritaria	minoritaria	minoritària	minoritària	marginada	marginada	minoritzada	minoritzada	poc parlada	poc parlada	mínim	apartar	ignorada	disminuida	reduida	en retrocés	poc coneguda	secundaria	inferiorr	poc usada
Segons afirmen, el text certifica una "profunda claudicació en defensa del sistema d'immersió", tot proposant una "versió pròpia" del TIL aplicat a les Illes Balears que "no recull la realitat sociolingüística del català com a llengua minoritzada".	claudicació 	renuncia	renuncia	renuncia	claudicació	claudicació	claudicació	rendició	rendició	justificació	renúncia	abandonadament	perdua	resignació	desestimació	cesió	claudicacio	reconéixement de la derrota
Segons afirmen, el text certifica una "profunda claudicació en defensa del sistema d'immersió", tot proposant una "versió pròpia" del TIL aplicat a les Illes Balears que "no recull la realitat sociolingüística del català com a llengua minoritzada".	sociolingüística 	social	social	social	social	del llenguatge i la societat	sociolingüistica	d'us	multilingüe	envoltant	parlant	de la llengua	sociolingüística	del carrer	cultural	popular
D'entre les escoles que inauguraran el curs amb obres destaquen l'escola Ignasi Iglesias que tot i intensificar-se en el període estival, són de gran envergadura i per tant, ja estaven planificades en aquesta línia.	planificades 	planificades	planificades	planificades	programades	programades	previstes	previstes	pensades	establertes	plantejades	aprovades	organizades	pautades	planejades	anificades	preparades	en el plà
D'entre les escoles que inauguraran el curs amb obres destaquen l'escola Ignasi Iglesias que tot i intensificar-se en el període estival, són de gran envergadura i per tant, ja estaven planificades en aquesta línia.	estival 	d'estiu	d'estiu	d'estiu	d'estiu	d'estiu	d'estiu	estival	estival	estival	de vacances	de vacances	de vacances	vacacional	vacacional	destiu	destiu	estiu	vacances	estiueix	d.estiu	estiuenc	de vacances destiu
D'entre les escoles que inauguraran el curs amb obres destaquen l'escola Ignasi Iglesias que tot i intensificar-se en el període estival, són de gran envergadura i per tant, ja estaven planificades en aquesta línia.	envergadura 	envergadura	envergadura	envergadura	tamany	tamany	dimensions	dimensions	mida	grans	abast	amplada	amplaria	dimensió	grandària	importància	qualitat	ambició	amplitud	magnitud	mesura
El Ministeri d'Educació estudia si en l'aplicació del 155, a través del qual assumeix les competències del Departament d'Ensenyament, pot modificar les normes de preinscripció escolar i incloure, en l'imprès que omplen les famílies, una casella per a què els pares puguin triar el castellà com a llengua vehicular amb què volen escolaritzar els seus fills.	escolaritzar 	escolaritzar	escolaritzar	escolaritzar	escolaritzar	educar	educar	escolitzar	educar a l'escola	alfabetitzar	formar	preparar	ensenyar	ser ensenyats	ficar a l'escola	enseyar
El Ministeri d'Educació estudia si en l'aplicació del 155, a través del qual assumeix les competències del Departament d'Ensenyament, pot modificar les normes de preinscripció escolar i incloure, en l'imprès que omplen les famílies, una casella per a què els pares puguin triar el castellà com a llengua vehicular amb què volen escolaritzar els seus fills.	imprès 	formulari	formulari	formulari	formulari	formulari	paper	paper	paper	imprès	imprès	imprès	document	document	fullet	enquesta	sol·licitud	full	documents	impres	informe
El Ministeri d'Educació estudia si en l'aplicació del 155, a través del qual assumeix les competències del Departament d'Ensenyament, pot modificar les normes de preinscripció escolar i incloure, en l'imprès que omplen les famílies, una casella per a què els pares puguin triar el castellà com a llengua vehicular amb què volen escolaritzar els seus fills.	vehicular 	vehicular	vehicular	vehicular	vehicular	principal	principal	principal	principal	de comunicació	fonamental	essencial	habitual	preferent	llengua d'ensenyament	d'ensenyament	d'ús	com la llengua en què...	materna	per comunicar-se	d'ús legal	d'ús oficial
El professorat no ha de ser de transmissor d'informació, sinó que ha d'inculcar el pensament crític i el pensament estratègic per combinar diferents informacions, entendre altres disciplines i distingir l'important de lefímer, ha demanat.	transmissor 	comunicador	comunicador	transmissor	transmissor	qui transmet	comunique	done a conèixer	portador	simple portador	conductor	nucli passiu	divulgadores	missatges	anunciador	donar	el que transmet	repetidor	repartidor	persona que porta
El professorat no ha de ser de transmissor d'informació, sinó que ha d'inculcar el pensament crític i el pensament estratègic per combinar diferents informacions, entendre altres disciplines i distingir l'important de lefímer, ha demanat.	inculcar 	ensenyar	ensenyar	ensenyar	ensenyar	transmetre	transmetre	inculcar	inculcar	transmès	educar	instruir	fer passar	impulsar	introduir	motivar	orientar	formar	dictar	introduit	presentar
El professorat no ha de ser de transmissor d'informació, sinó que ha d'inculcar el pensament crític i el pensament estratègic per combinar diferents informacions, entendre altres disciplines i distingir l'important de l’efímer, ha demanat.	efímer 	breu	breu	breu	breu	temporal	temporal	temporal	curt	curt	pasager	transintori	globalitat	conjunt	efímer	momentari	del secundari	del fútil	poc important	del que no ho és	poca cosa	efimer	que dura poc temps	que rápid acaba
I mentrestant, docents i direccions de centres ofegats en un oceà de burocràcia inútil que no para de créixer, ha afegit la Intersindical.	inútil 	inútil	inútil	inútil	inútil	innecessària	innecessària	nula	nula	improductiva	fútil	ineficaç	inefficient	esteril	incompetent	sobrant	no útil	inutil	que no cal	no necessària
I mentrestant, docents i direccions de centres ofegats en un oceà de burocràcia inútil que no para de créixer, ha afegit la Intersindical.	oceà 	mar	mar	mar	mar	mar	mar	mar	mar	excès	muntó	espai	immés	tasca	inmensitat	oceà	gran quantitat	multitud
I mentrestant, docents i direccions de centres ofegats en un oceà de burocràcia inútil que no para de créixer, ha afegit la Intersindical.	burocràcia 	paperassa	paperassa	paperassa	paperassa	paperassa	paperassa	administració	administració	administració	papers	papers	papers	documents	documents	documents	gestions	gestions	tràmits	tràmits	burocràcia	burocràcia	regulació	paperasa	feina d'oficina
Per això, el Síndic recomana a Ensenyament elaborar un decàleg amb instruccions sobre el tractament de la situació política i materials didàctics per poder abordar temes controvertits a les aules, per garantir els drets de tots els infants.	didàctics 	d'ensenyament	d'ensenyament	d'ensenyament	educatius	educatius	educatius	didàctics	didàctics	educatiu	escolar	d'estudi	pedagògics	formatius	ensenyament	culturals	pedagogic	didactics	per aprendre
Per això, el Síndic recomana a Ensenyament elaborar un decàleg amb instruccions sobre el tractament de la situació política i materials didàctics per poder abordar temes controvertits a les aules, per garantir els drets de tots els infants.	controvertits 	conflictius	conflictius	conflictius	polèmics	polèmics	polèmics	discutits	diffícils	complèxos	sensibles	polémics	qüestionables	poémics	controvertits	dificils	on no tothom pensa igual	difícils per arribar a accords
Per això, el Síndic recomana a Ensenyament elaborar un decàleg amb instruccions sobre el tractament de la situació política i materials didàctics per poder abordar temes controvertits a les aules, per garantir els drets de tots els infants.	decàleg 	llista	llista	llista	document	document	normes	normes	llistat	llistat	guia	propostes	normatives	estatut	lleis	taules	decàleg	conjunt	dossier	protocol	normativa	un pla	tutorial	revista	informe
També estableix el sistema de qualificacions, que serà la mitjana de les qualificacions numèriques obtingudes a cadascuna de les matèries cursades a la ESO expressada en una escala de l1 al 10 amb dos decimals, i arrodonida a la centèsima.	numèriques 	numèriques	numèriques	numèriques	numèriques	expressat amb nombres	numériques	valorades	obtingudes	resultats	fetes	en nombres	numeriques	en números
També estableix el sistema de qualificacions, que serà la mitjana de les qualificacions numèriques obtingudes a cadascuna de les matèries cursades a la ESO expressada en una escala de l1 al 10 amb dos decimals, i arrodonida a la centèsima.	arrodonida 	arrodonida	arrodonida	arrodonida	arrodonida	arrodonida	arrodonida	arrodonida	aproximat	aproximat	aproximada	sencer	completat	acostat	sense comes	completada
També estableix el sistema de qualificacions, que serà la mitjana de les qualificacions numèriques obtingudes a cadascuna de les matèries cursades a la ESO expressada en una escala de l1 al 10 amb dos decimals, i arrodonida a la centèsima.	decimals 	decimals	decimals	decimals	decimals	decimals	decimals	decimals	dígits	fraccionat	xifres	números	zeros després de la coma	números menys que 1
Una altra de les mesures que apareix al decàleg és introduir l'educació multicultural i antiracista dins del currículum.	antiracista 	antiracista	antiracista	antiracista	antiracista	antiracista	no racista	no racista	oposta al racisme	igualitària racial	humana	social	tolerant
Una altra de les mesures que apareix al decàleg és introduir l'educació multicultural i antiracista dins del currículum.	multicultural 	multicultural	multicultural	multicultural	multicultural	multicultural	multicultural	global	global	moltes cultures	diversa	d'altres cultures	universal	pluricultural	del mon	total	oberta
Una altra de les mesures que apareix al decàleg és introduir l'educació multicultural i antiracista dins del currículum.	decàleg 	informe	informe	informe	document	document	normes	normes	llista	llista	llistat	llistat	guia	pautes	regles	estatut	acords	text	decàleg	catàleg	cànon	a la llista	acord	normativa	revsita
(If your robot has an external ROM chip, then that is the one that is pulled and replaced.	external	outer	outer	outer	outer	outside	outside	exterior	exterior	outter	external
(If your robot has an external ROM chip, then that is the one that is pulled and replaced.	pulled	removed	removed	removed	removed	extracted	extracted	extracted	taken	dragged
(If your robot has an external ROM chip, then that is the one that is pulled and replaced.	robot	machine	machine	machine	machine	machine	machine	device	automaton
A bank holiday was declared in October, 1857 and Secretary of the Treasury Howell Cobb recommended the government selling revenue bonds and reducing the tariff (Tariff of 1857).	bank	bank	bank	bank	bank	public	national
A bank holiday was declared in October, 1857 and Secretary of the Treasury Howell Cobb recommended the government selling revenue bonds and reducing the tariff (Tariff of 1857).	recommended	suggested	suggested	suggested	suggested	advised	advised	advised	advised	proposed	advocated
A bank holiday was declared in October, 1857 and Secretary of the Treasury Howell Cobb recommended the government selling revenue bonds and reducing the tariff (Tariff of 1857).	declared	announced	announced	announced	announced	proclaimed	proclaimed	stated	professed	made	introduce	declared
A continue statement will skip the remainder of the block and start at the controlling conditional statement again.	remainder	rest	rest	rest	rest	rest	restrictive	remaining	remainder	balance
A continue statement will skip the remainder of the block and start at the controlling conditional statement again.	controlling	managing	managing	managing	managing	regulating	leading	governing	directing	controlling
A continue statement will skip the remainder of the block and start at the controlling conditional statement again.	conditional	conditional	conditional	restrictive	provisional	dependent	dependant	contingent
A good introduction tells the student what will be covered, how it relates to what has gone before, and any specific prerequisite knowledge.	gone	passed	passed	passed	happened	happened	happened	transpired	occurred	come
A good introduction tells the student what will be covered, how it relates to what has gone before, and any specific prerequisite knowledge.	prerequisite	required	required	prior	prior	precondition	precondition	requirement	previous	prerequisite	necessary	essential
A good introduction tells the student what will be covered, how it relates to what has gone before, and any specific prerequisite knowledge.	relates	links	links	links	connects	connects	connects	relates	relates	linked	depends
A more modern hardware character generator can be build around one of these small micro controllers (e.g.	micro	tiny	tiny	tiny	tiny	tiny	small	small	small	small	miniature	mini
A more modern hardware character generator can be build around one of these small micro controllers (e.g.	controllers	regulators	regulator	managers	handler	gadgets	devices	controllers
A more modern hardware character generator can be build around one of these small micro controllers (e.g.	hardware	equipment	equipment	equipment	equipment	equipment	equipment	device	device	gear	gadget	engine	devices	apparatus
A pickup is a magnet wrapped in a coil of wire.	wrapped	covered	covered	covered	enveloped	enveloped	enclosed	enclosed	surrounded	protected	inside
A pickup is a magnet wrapped in a coil of wire.	coil	loop	loop	loop	spiral	spiral	coil	coil	twist	spool	layer
A pickup is a magnet wrapped in a coil of wire.	pickup	pickup	pickup	pickup	pickup	pickup	pickup	pickup	pickup	sensor	detector
A positively or neutrally charged reagent that forms bonds by accepting electrons from a nucleophile.	reagent	substance	substance	reactant	indicator	chemical
A positively or neutrally charged reagent that forms bonds by accepting electrons from a nucleophile.	electrons	electrons	electrons	current	atoms
A positively or neutrally charged reagent that forms bonds by accepting electrons from a nucleophile.	neutrally	uncharged	uncharged	unbiased	neutrally	fair
A smaller number of persons  undertake such a challenge and then discover that calculus is beautiful in and of itself.	beautiful	lovely	lovely	attractive	attractive	wonderful	pretty	great	fascinating	exciting	delightful	charming	beautiful	amazing
A smaller number of persons  undertake such a challenge and then discover that calculus is beautiful in and of itself.	undertake	commence	commence	commence	accept	accept	undertake	undergo	start	embark	attempt
A smaller number of persons  undertake such a challenge and then discover that calculus is beautiful in and of itself.	discover	find	find	find	find	uncover	uncover	uncover	realise	realise	learn	discover
A third was apparently eliminated by an erstwhile Death Eater identified only as R.A.B., but this turns out in the seventh book to not have happened.	seventh	seventh	later	heptad
A third was apparently eliminated by an erstwhile Death Eater identified only as R.A.B., but this turns out in the seventh book to not have happened.	eliminated	removed	removed	removed	removed	deleted	deleted	deleted	excluded	eradicated	discarded	cancelled
A third was apparently eliminated by an erstwhile Death Eater identified only as R.A.B., but this turns out in the seventh book to not have happened.	erstwhile	former	former	former	former	former	previous	previous	previous	previous	past	old	late	earlier
A vector is a quantity which expresses both magnitude and direction.	magnitude	size	size	size	size	size	size	magnitude	extent
A vector is a quantity which expresses both magnitude and direction.	quantity	quantity	quantity	amount	amount	variable	number	measurement	measure
A vector is a quantity which expresses both magnitude and direction.	vector	vector	vector	vector	vector	vector	pointer	arrow
"Akin na 'yan!" biglang agaw ni Karlo sa laruan ni Lara.	agaw	agaw	agaw	agaw	agaw	agaw	kuha	kuha	kuha	kinuwa	nakaw
Isang agila ang kinaibigan ni Nanay.	agila	agila	agila	agila	agila	agila	agila	agila	agila	agila	lawin
Sa takot na matangay ng agos ang anak ay agad-agad niya itong tinulungan.	agos	agos	agos	agos	agos	agos	daloy	daloy	daloy	daloy	daloy
Ang grupo pala ng malaking si Enteng, akay ang mga balyan at sa saliw ng musika ay sumasayaw-sayaw.	akay	akay	akay	akay	akay	dala	dala	dala	dala	hawak	sama-sama
At ang sigaw ng ale sa malaking bahay ay "Aaaaaeeeeeiiiii!"	ale	ale	ale	ale	ale	ale	babae	babae	ate	mama	tindera
"Sino't alin sa dalawa ang inyong magiging asawa?" Sumagot na kapagkuwan si Don Pedrong tampalasan.	alin	alin	alin	alin	alin	alin	alin	alin	ano man	o	saan
Pagkauwi ko noong isang araw ay binuksan ko na ang alkansiya ko.	alkansiya	alkansiya	alkansiya	alkansiya	alkansiya	alkansiya	alkansya	alkansya	alkansya	alkansiya	kabang-yaman
Ipinapatawag siya ni Mama at pumupunta siya sa amin kapag may sakit ako.	amin	amin	amin	amin	amin	amin	amin	amin	amin	amin	tayo
Karga-karga nga raw ako ni Nanay nang ihatid siya sa airport ng buong angkan namin.	angkan	pamilya	pamilya	pamilya	pamilya	pamilya	angkan	angkan	angkan	lahi	lahi
Anuman ang mangyari at anuman ang marinig mo, huwag kang didilat at huwag kang lilingon.	anuman	anuman	anuman	anuman	anuman	anuman	anuman	anuman	anuman	ano	kahit ano
At pagdating ng gabi, isinilid pa niya ako sa aparador ng mga pinaglumaang sapatos.	aparador	kabinet	kabinet	kabinet	kabinet	kabinet	kabinet	aparador	aparador	aparador	lagayan
Di nalao'y natutuhan ang sa armas ay pagtangan.	armas	armas	armas	armas	armas	armas	armas	armas	armas	baril	sandata
Ihatid mo ako sa kabila at kukunin ko ang aking atay sa aming bahay.	atay	atay	atay	atay	atay	atay	atay	atay	atay	atay	karne
Kapag nahihirapan ako, nariyan palagi sina ate at kuya upang ako'y alalayan.	ate	ate	ate	ate	ate	ate	ate	ate	ate	ate	ate
Wala namang hurricane dito sa atin at wala namang nasalanta ngayon ng bagyo, lindol, o anuman.	atin	atin	atin	atin	atin	atin	atin	atin	atin	atin	amen
"Kasi hindi ka naligo kagabi, ayan tuloy," sabi niya.	ayan	ayan	ayan	ayan	ayan	ayan	ayan	ayan	ayan	ayan	eto
Pero ayaw pumayag ni Monang.	ayaw	ayaw	ayaw	ayaw	ayaw	ayaw	ayaw	ayaw	ayaw	ayaw	ayoko
Nalimot ni Tuan Putli ang babala ng asawa.	babala	babala	babala	babala	babala	babala	paalala	paalala	pabala	paunawa	sinabi
Kaya nang bahagya siyang kumilos, natibag ang kanyang tinutungtungan.	bahagya	dahan-dahan	dahan-dahan	dahan-dahan	kaunti	kaunti	kaunti	bahagya	bahagya	bigla	dahan
Kapag ganitong bakasyon ay sinasamantala ni Arturo ang pagkakataon.	bakasyon	bakasyon	bakasyon	bakasyon	bakasyon	bakasyon	bakasyon	bakasyon	bakasyon	pahinga	pahinga
Ang tubig sa balon ay lumalim nang dahan-dahan.	balon	balon	balon	balon	balon	balon	balon	balon	balon	bukal	poso
Inilabas sa mga baul ang bandera ng Filipinas, at muli itong iwinagayway, katabi ang bandera ng Amerika.	bandera	watawat	watawat	watawat	watawat	watawat	bandera	bandera	bandera	bandila	bandila
Nilibot niya ang buong lupain at nakita ang maraming bangkay sa paligid.	bangkay	patay	patay	patay	patay	patay	patay	patay	bangkay	bangkay	labi
Nasa ibang bansa nagtatrabaho ang kaniyang ama, kaya lahat ng uri ng laruan ay mayroon siya.	bansa	bansa	bansa	bansa	bansa	bansa	bansa	bansa	bansa	lugar	nasyon
May mga dalang baril ang mga bandido.	baril	baril	baril	baril	baril	baril	baril	baril	baril	baril	armas
Mag-iisip kayo ng codename na bawal ipagkalat.	bawal	bawal	bawal	bawal	bawal	bawal	bawal	bawal	bawal	bawal	hindi pwede
Ang bayong ni Nanay ay malaki at makulay.	bayong	bayong	bayong	bayong	bayong	basket	basket	lalagyan	lalagyan	sisidlan	supot
Pitong munting kahel sa bibig ng aso.	bibig	bibig	bibig	bibig	bibig	bibig	bibig	labi	labi	bunganga	nguso
Magrarampahan naman ang mga pantalon palda blusa at medyas.	blusa	blusa	blusa	blusa	blusa	blusa	blusa	blusa	damit	damit	bulsa
Bakit ko nasabing bruha si Mrs.	bruha	bruha	bruha	bruha	bruha	bruha	bruha	bruha	mangkukulam	mangkukulam	mangkukulam
Cette gratuité n'est que partielle puisque une partie des impôts fonciers payés par les propriétaires est consacrée à l'entretien des réseaux de distribution.	entretien	réparation	réparation	maintien	maintien	nettoyage	nettoyage	gestion	gestion	entretien	entretien	tenue	restauration	réfection	revue	maintenance	soins
Cette gratuité n'est que partielle puisque une partie des impôts fonciers payés par les propriétaires est consacrée à l'entretien des réseaux de distribution.	consacrée	réservée	réservée	réservée	réservée	réservée	réservée	dédiée	dédiée	dédiée	affectée	affectée	donnée	donnée	faite	vouée	appliquée	dirigée	allouée	prévue	prévu	utilisée	destinée
Ces récepteurs envoient des messages au cerveau qui traite les informations, puis le cerveau les stocke et crée nos souvenirs.	stocke	garde	garde	garde	garde	garde	garde	garde	conserve	conserve	conserve	conserve	conserve	conserve	enregistre	enregistre	emmagasine	emmagasine	range	range	stocke	stocke	accumule	préserve	mémorise
Ces récepteurs envoient des messages au cerveau qui traite les informations, puis le cerveau les stocke et crée nos souvenirs.	traite	traite	traite	traite	traite	analyse	analyse	analyse	étudie	étudie	gère	soccupe	envisage	lit	comprend	interprète	examine	menteur
Ces récepteurs envoient des messages au cerveau qui traite les informations, puis le cerveau les stocke et crée nos souvenirs.	récepteurs	récepteurs	récepteurs	récepteurs	récepteurs	récepteurs	récepteurs	récepteurs	récepteurs	récepteurs	récepteurs	destinataires	destinataires	receveurs
Une enseigne prospère qu'il a bâtie de ses mains, en partant de rien.	prospère	florissante	florissante	florissante	florissante	prospère	prospère	prospère	prospère	fructueuse	favorisée	riches	lucrative	connue	riche	fortunée	propice	florissant	resplendissant	actif
Une enseigne prospère qu'il a bâtie de ses mains, en partant de rien.	bâtie	construite	construite	construite	construite	construite	construite	créé	créé	faite	faite	créée	créée	fondée	fondée	bâtie	bâtie	construit	fondé	élevée	montée	crée	édifiée	érigée	fait	formée	conçue	produite
Une enseigne prospère qu'il a bâtie de ses mains, en partant de rien.	partant	partant	partant	partant	partant	partant	partant	démarrant	démarrant	démarrant	démarrant	commençant	commençant	ayant	débutant
Ainsi, le Gulf Stream, ce courant qui garantit la douceur du climat de l'Europe occidentale, pourrait être déplacé, ce qui, paradoxalement, entraînerait un refroidissement de l'Europe de l'Ouest.	courant	courant	courant	courant	courant	changement	changement	flux	passage	eau	flot	vague
Ainsi, le Gulf Stream, ce courant qui garantit la douceur du climat de l'Europe occidentale, pourrait être déplacé, ce qui, paradoxalement, entraînerait un refroidissement de l'Europe de l'Ouest.	entraînerait	causerait	causerait	causerait	causerait	causerait	apporterait	apporterait	provoquerait	déclanchera	causera	conduira	concluerait	aboutirait	finirait	amènerait	proposerait	induirait	créerait	engendrerait	déclencherait
Ainsi, le Gulf Stream, ce courant qui garantit la douceur du climat de l'Europe occidentale, pourrait être déplacé, ce qui, paradoxalement, entraînerait un refroidissement de l'Europe de l'Ouest.	garantit	assure	assure	assure	assure	assure	certifie	certifie	permet	permet	garde	garde	promet	confirme	protège	assurer	maintient	sécurise	couvre
Demander le droit de vote aux élections locales, ce n'est pas réclamer un privilège, c'est montrer que l'on souhaite participer davantage à la vie de la cité.	cité	ville	ville	ville	ville	ville	ville	état	état	pays	pays	société	société	cité	cité	circonscription	communauté	village	agglomération	localité	quartier	zone
Demander le droit de vote aux élections locales, ce n'est pas réclamer un privilège, c'est montrer que l'on souhaite participer davantage à la vie de la cité.	davantage	plus	plus	plus	plus	plus	plus	plus	plus	plus	plus	davantage	davantage	encore
Demander le droit de vote aux élections locales, ce n'est pas réclamer un privilège, c'est montrer que l'on souhaite participer davantage à la vie de la cité.	réclamer	demander	demander	demander	demander	demander	demander	demander	demander	demander	exiger	exiger	exiger	exiger	revendiquer	revendiquer	revendiquer	solliciter	solliciter	réclamer	réclamer	vouloir	quémandant
Pour chaque site, une courte notice explique ce qu'il est, qui sont ses responsables, quel courant ou tendance il représente, et renvoie à une fiche plus complète sur notre site.	notice	guide	guide	guide	explication	explication	explication	note	note	note	description	description	résumé	résumé	manuel	billet	texte	article	présentation	avis
Pour chaque site, une courte notice explique ce qu'il est, qui sont ses responsables, quel courant ou tendance il représente, et renvoie à une fiche plus complète sur notre site.	responsables	gérants	gérants	représentants	représentants	responsables	auxilliaires	garants	créateurs	mandataires	cadres	directeurs	dirigeants
Pour chaque site, une courte notice explique ce qu'il est, qui sont ses responsables, quel courant ou tendance il représente, et renvoie à une fiche plus complète sur notre site.	tendance	mouvement	mouvement	mouvement	orientation	orientation	penchant	penchant	tendance	tendance	mode	majorité	courant
En revanche, ie suis orgueilleux de mes origines irlandaises, une sorte de tradition familiale qu'on a établi en deux générations mon père et moi.	orgueilleux	fier	fier	fier	fier	fier	fier	fier	fier	fier	arrogant	arrogant	prétentieux	prétentieux	orgueilleux	orgueilleux	chauvin	crâneur	honoré
En revanche, ie suis orgueilleux de mes origines irlandaises, une sorte de tradition familiale qu'on a établi en deux générations mon père et moi.	établi	créé	créé	créé	créé	créé	créé	instauré	instauré	instauré	fondé	fondé	installé	installé	construit	construit	établi	établi	fixé	réalisé	fait
En revanche, ie suis orgueilleux de mes origines irlandaises, une sorte de tradition familiale qu'on a établi en deux générations mon père et moi.	sorte	type	type	type	type	type	type	genre	genre	genre	genre	genre	espèce	espèce	espèce	espèce	sorte	sorte	sorte	forme
Je reste à votre disposition pour tout renseignement complémentaire.	disposition	service	service	service	disposition	disposition	disposition	libre	disponible	écoute	usage	portée	besoins	disponibilité
Je reste à votre disposition pour tout renseignement complémentaire.	renseignement	information	information	information	information	information	information	information	information	question	question	question	indication	indication	explication	explication	informations	donnée	demande	éclaircissement	document	détail	indications	précisions	précision
Je reste à votre disposition pour tout renseignement complémentaire.	complémentaire	supplémentaire	supplémentaire	supplémentaire	supplémentaire	supplémentaire	supplémentaire	supplémentaire	supplémentaire	additionnel	additionnel	additionnel	additionnel	additionnel	additionel	extra	complémentaire
Depuis quelques années, la question du sexisme à l'école et de ses conséquences sur les enfants interroge les professionnels de l'éducation.	conséquences	effets	effets	effets	effets	effets	résultats	résultats	résultats	résultats	impacts	impacts	impacts	impacts	répercussions	répercussions	répercussions	conséquences	conséquences	conséquences	aboutissements	répercussion	fruits	suites	réactions	retombées
Depuis quelques années, la question du sexisme à l'école et de ses conséquences sur les enfants interroge les professionnels de l'éducation.	interroge	questionne	questionne	questionne	questionne	questionne	questionne	questionne	questionne	questionne	interpelle	interpelle	interpelle	interpelle	interroge	interroge	sonde	taraude	demande
Depuis quelques années, la question du sexisme à l'école et de ses conséquences sur les enfants interroge les professionnels de l'éducation.	question	sujet	sujet	sujet	sujet	sujet	sujet	sujet	problème	problème	problème	problème	problème	thème	thème	thème	problématique	problématique	question	question	matière	affaire	thématique	discussion
Vers 1866, apparaît le pneumatique.	pneumatique	pneumatique	pneumatique	pneumatique	pneumatique	pneumatique	pneumatique	pneu	pneu	pneu	pneu	pneu	gonflable	gonflable	caoutchouc	gomme
La profession de coach de vie est en plein essor et s'impose dans tous les domaines de la vie.	essor	croissance	croissance	croissance	croissance	croissance	expansion	expansion	expansion	développement	développement	développement	augmentation	augmentation	augmentation	progrès	progrès	envol	envol	popularité	progression	élan	boom
La profession de coach de vie est en plein essor et s'impose dans tous les domaines de la vie.	coach	coach	coach	coach	coach	coach	mentor	mentor	mentor	entraîneur	entraîneur	guide	guide	entraineur	entraineur	enseignant	accompagnateur
La profession de coach de vie est en plein essor et s'impose dans tous les domaines de la vie.	impose	impose	impose	impose	domine	domine	perce	perce	installe	simplante	accroît	réussi	développe	amplifie	prime	réussit
Das Grausen überwältigte alle seine Sinne, er stürzte verworren aus dem Zimmer durch die öden widerhallenden Gemächer und Säulengänge hinab.	Grausen	Angst	Angst	Angst	Angst	Angst	Angst	Angst	Angst	Angst	Furcht	Furcht	Furcht	Furcht	Furcht	Furcht	Schreck	Schreck	Panik	Panik	Gruseln	Grauen	Entsetzen
Das Grausen überwältigte alle seine Sinne, er stürzte verworren aus dem Zimmer durch die öden widerhallenden Gemächer und Säulengänge hinab.	verworren	verwirrt	verwirrt	verwirrt	verwirrt	verwirrt	durcheinander	durcheinander	durcheinander	planlos	planlos	panisch	panisch	benommen	benommen	wirr	kopflos	konfus	irritiert
Das Grausen überwältigte alle seine Sinne, er stürzte verworren aus dem Zimmer durch die öden widerhallenden Gemächer und Säulengänge hinab.	überwältigen	ergreifen	ergreifen	ergreifen	übermannen	übermannen	erfassen	erfassen	bezwingen	bezwingen	übertönen	überrollen	überfallen	treffen	durchdringen	beherrschen
Es kommt nach allen heftigen Gemütsbewegungen, die unser ganzes Wesen durchschüttern, eine stillklare Heiterkeit über die Seele, gleich wie die Felder nach einem Gewitter frischer grünen und aufatmen.	Gemütsbewegung	Gefühl	Gefühl	Gefühl	Gefühl	Gefühl	Gefühl	Emotion	Emotion	Emotion	Emotion	Emotion	Emotion	Empfindung	Empfindung	Stimmungsschwankung	Stimmung	Gefühlsausbruch	Empfindungen	Emotionsausbrüchen
Es kommt nach allen heftigen Gemütsbewegungen, die unser ganzes Wesen durchschüttern, eine stillklare Heiterkeit über die Seele, gleich wie die Felder nach einem Gewitter frischer grünen und aufatmen.	durchschüttern	erschüttern	erschüttern	erschüttern	erschüttern	durchdringen	durchdringen	schockieren	ergreifen	einnehmen	durchschütteln	bewegen	beeinflussen	aufwühlen	angreifen
Es kommt nach allen heftigen Gemütsbewegungen, die unser ganzes Wesen durchschüttern, eine stillklare Heiterkeit über die Seele, gleich wie die Felder nach einem Gewitter frischer grünen und aufatmen.	Heiterkeit	Freude	Freude	Freude	Freude	Freude	Freude	Fröhlichkeit	Fröhlichkeit	Fröhlichkeit	Fröhlichkeit	Zufriedenheit	Zufriedenheit	Vergnügen	Munterkeit	Gelassenheit	Frohsinn
Florio war recht  innerlichst vergnügt, alle blöde Bangigkeit war von seiner Seele genommen, und er sah fast träumerisch still vor fröhlichen Gedanken zwischen den Lichtern und Blumen in die wunderschöne, langsam in die Abendgluten versinkende Landschaft vor sich hinaus.	recht	ziemlich	ziemlich	ziemlich	ziemlich	ziemlich	sehr	sehr	relativ	relativ	verhältnismäßig
Florio war recht innerlichst vergnügt, alle blöde Bangigkeit war von seiner Seele genommen, und er sah fast träumerisch still vor fröhlichen Gedanken zwischen den Lichtern und Blumen in die wunderschöne, langsam in die Abendgluten versinkende Landschaft vor sich hinaus.	Bangigkeit	Angst	Angst	Angst	Angst	Angst	Angst	Furcht	Furcht	Furcht	Ängstlichkeit	Ängstlichkeit	Sorge	Sorge	Unsicherheit	Unbehagen	Panik	Besorgnis
Florio war recht innerlichst vergnügt, alle blöde Bangigkeit war von seiner Seele genommen, und er sah fast träumerisch still vor fröhlichen Gedanken zwischen den Lichtern und Blumen in die wunderschöne, langsam in die Abendgluten versinkende Landschaft vor sich hinaus.	Abendglut	Abendrot	Abendrot	Abendrot	Abendrot	Abenddämmerung	Abenddämmerung	Abenddämmerung	Dämmerung	Dämmerung	Abendsonne	Abendsonne	Sonnenuntergang	Abendlicht	Abendgold
Zwar wurden die westlichen Alliierten durch Gewährsleute über die Planung „drastischer Maßnahmen“ zur Abriegelung von West-Berlin informiert, vom konkreten Zeitpunkt und Ausmaß der Absperrung gaben sie sich jedoch öffentlich überrascht.	drastisch	radikal	radikal	radikal	radikal	weitreichend	weitreichend	streng	streng	stark	stark	hart	hart	strikt	spürbar	heftig	erheblich	dramatisch	deutlich	bedeutsam
Zwar wurden die westlichen Alliierten durch Gewährsleute über die Planung „drastischer Maßnahmen“ zur Abriegelung von West-Berlin informiert, vom konkreten Zeitpunkt und Ausmaß der Absperrung gaben sie sich jedoch öffentlich überrascht.	Gewährsleute	Informanten	Informanten	Informanten	Informant	Informant	Informant	Verbindungsmänner	Kontaktmann	Hintermänner	Fachmann	Fachleute	Experten	Experte
Zwar wurden die westlichen Alliierten durch Gewährsleute über die Planung „drastischer Maßnahmen“ zur Abriegelung von West-Berlin informiert, vom konkreten Zeitpunkt und Ausmaß der Absperrung gaben sie sich jedoch öffentlich überrascht.	Ausmaß	Umfang	Umfang	Umfang	Umfang	Umfang	Grad
Gleichwohl wurden auf vielen in die Westsektoren führenden Straßen, in Eisenbahnen und anderen Verkehrsmitteln durch die Volkspolizei intensiv Personenkontrollen durchgeführt, um u. a. Fluchtverdächtige und Schmuggler aufzugreifen.	Gleichwohl	Trotzdem	Trotzdem	Trotzdem	Trotzdem	dennoch	dennoch	dennoch	trotzdem	trotzdem	nichtsdestotrotz	nichtsdestotrotz	Gleichzeitig	Gleichzeitig	Dennoch	Dennoch	jedenfalls	Dabei
Gleichwohl wurden auf vielen in die Westsektoren führenden Straßen, in Eisenbahnen und anderen Verkehrsmitteln durch die Volkspolizei intensiv Personenkontrollen durchgeführt, um u. a. Fluchtverdächtige und Schmuggler aufzugreifen.	Schmuggler	Schwarzhändler	Schwarzhändler	Schwarzhändler	Schwarzhändler	Krimineller
Gleichwohl wurden auf vielen in die Westsektoren führenden Straßen, in Eisenbahnen und anderen Verkehrsmitteln durch die Volkspolizei intensiv Personenkontrollen durchgeführt, um u. a. Fluchtverdächtige und Schmuggler aufzugreifen.	aufgreifen	festnehmen	festnehmen	festnehmen	festnehmen	festnehmen	festnehmen	verhaften	finden	fangen	einsammeln	einfangen
So fanden sich bereits am 13. August Ost-Berliner an den Grenzübergängen zu West-Berlin ein, die lautstark ihren Unmut artikulierten.	lautstark	deutlich	deutlich	deutlich	deutlich	laut	laut	laut	unüberhörbar	unüberhörbar	intensiv	intensiv	hörbar	hörbar	vehement	schreiend	offenkundig
So fanden sich bereits am 13. August Ost-Berliner an den Grenzübergängen zu West-Berlin ein, die lautstark ihren Unmut artikulierten.	Unmut	Ärger	Ärger	Ärger	Ärger	Ärger	Ärger	Unzufriedenheit	Unzufriedenheit	Unzufriedenheit	Unzufriedenheit	Unzufriedenheit	Wut	Wut	Protest	Protest	Missfallen	Missfallen	Zweifel	Zorn	Enttäuschung	Bedenken
So fanden sich bereits am 13. August Ost-Berliner an den Grenzübergängen zu West-Berlin ein, die lautstark ihren Unmut artikulierten.	artikulieren	ausdrücken	ausdrücken	ausdrücken	ausdrücken	ausdrücken	äußern	äußern	äußern	aussprechen	aussprechen	aussprechen	zeigen	zeigen	sagen	sagen	mitteilen	kundtun	benennen
Das Verhältnis zwischen den beiden verschlechterte sich während ihrer Amtszeit zusehends; nach vier Jahren hatte sich Burr der republikanischen Partei so entfremdet, dass er 1804 nicht wieder zur Wahl nominiert wurde.	Verhältnis	Beziehung	Beziehung	Beziehung	Beziehung	Beziehung	Beziehung	Beziehung	Beziehung	Beziehung	Beziehung	Verbindung	Verbindung	Verbindung	Miteinander	Kontakt
Das Verhältnis zwischen den beiden verschlechterte sich während ihrer Amtszeit zusehends; nach vier Jahren hatte sich Burr der republikanischen Partei so entfremdet, dass er 1804 nicht wieder zur Wahl nominiert wurde.	zusehends	deutlich	deutlich	deutlich	deutlich	zunehmend	zunehmend	zunehmend	weiter	weiter	spürbar	spürbar	ständig	stetig	sehr	kontinuierlich	erkennbar
Das Verhältnis zwischen den beiden verschlechterte sich während ihrer Amtszeit zusehends; nach vier Jahren hatte sich Burr der republikanischen Partei so entfremdet, dass er 1804 nicht wieder zur Wahl nominiert wurde.	nominieren	aufstellen	aufstellen	aufstellen	aufstellen	aufstellen	aufstellen	aufstellen	zulassen	vorschlagen	stellen	auswählen
Währenddessen hatte sich die Führung der Sowjetunion ihre eigenen Gedanken zur Lage in der DDR gemacht und konzipierte Ende Mai die Maßnahmen zur Gesundung der politischen Lage in der DDR, die einer nach Moskau bestellten SED-Delegation am 2. Juni 1953 mitgeteilt wurden.	Lage	Situation	Situation	Situation	Situation	Situation	Situation	Situation	Situation	Situation
Währenddessen hatte sich die Führung der Sowjetunion ihre eigenen Gedanken zur Lage in der DDR gemacht und konzipierte Ende Mai die Maßnahmen zur Gesundung der politischen Lage in der DDR, die einer nach Moskau bestellten SED-Delegation am 2. Juni 1953 mitgeteilt wurden.	konzipieren	planen	planen	planen	planen	entwerfen	entwerfen	entwerfen	entwerfen	erstellen	erstellen	erstellen	entwickeln	entwickeln	entwickeln	machen	machen	skizzieren	sich überlegen	formulieren	erarbeiten
Währenddessen hatte sich die Führung der Sowjetunion ihre eigenen Gedanken zur Lage in der DDR gemacht und konzipierte Ende Mai die Maßnahmen zur Gesundung der politischen Lage in der DDR, die einer nach Moskau bestellten SED-Delegation am 2. Juni 1953 mitgeteilt wurden.	Maßnahme	Regelung	Regelung	Regelung	Aktion	Aktion	Aktion	Vorgehensweise	Vorgehen	Tat	Schritt	Plan	Mittel	Methode	Konzept	Handlung	Aktivität
Seine zwiespältige Haltung gegenüber der Institution der Sklaverei lässt sich aus heutiger Sicht nur schwerlich mit seinen Überzeugungen von Freiheit und Gleichheit vereinen.	zwiespältig	widersprüchlich	widersprüchlich	widersprüchlich	widersprüchlich	gespalten	gespalten	gespalten	gespalten	ambivalent	ambivalent	unklar	uneindeutig	mehrdeutig	kontrovers	gemischt
Seine zwiespältige Haltung gegenüber der Institution der Sklaverei lässt sich aus heutiger Sicht nur schwerlich mit seinen Überzeugungen von Freiheit und Gleichheit vereinen.	Haltung	Meinung	Meinung	Meinung	Meinung	Meinung	Meinung	Einstellung	Einstellung	Einstellung	Einstellung	Einstellung	Position	Position	Position	Position	Ansicht	Ansicht	Ansicht
Seine zwiespältige Haltung gegenüber der Institution der Sklaverei lässt sich aus heutiger Sicht nur schwerlich mit seinen Überzeugungen von Freiheit und Gleichheit vereinen.	Sicht	Perspektive	Perspektive	Perspektive	Perspektive	Perspektive	Perspektive	Blickwinkel	Betrachtungsweise	Anschauung
Besonders innerhalb der SPD tobten um die avisierte Vereinigung heftige Kontroversen.	toben	wüten	wüten	wüten	wüten	herrschen	herrschen	entstehen	entstehen	tosen	pulsieren	existieren
Besonders innerhalb der SPD tobten um die avisierte Vereinigung heftige Kontroversen.	avisieren	ankündigen	ankündigen	ankündigen	ankündigen	ankündigen	ankündigen	planen	planen	planen	anstreben	anstreben	anstreben	kommunizieren	erwarten	ausrufen	ansagen
Besonders innerhalb der SPD tobten um die avisierte Vereinigung heftige Kontroversen.	Kontroverse	Diskussion	Diskussion	Diskussion	Diskussion	Diskussion	Diskussion	Diskussion	Auseinandersetzung	Auseinandersetzung	Auseinandersetzung	Auseinandersetzung	Auseinandersetzung	Streitigkeit	Streitigkeit	Streitigkeit	Uneinigkeit	Streit	Meinungsverschiedenheit	Diskurs	Debatte	Auseinandersetzungen
Aveva l'aria di una perduta nobiltà: la miseria gli si leggeva tutta nel volto e nella camicia sbrindellata sul petto.	perduta	persa	persa	persa	persa	persa	persa	andata	antica	finita	inesistente	passata	smarrita"
Aveva l'aria di una perduta nobiltà: la miseria gli si leggeva tutta nel volto e nella camicia sbrindellata sul petto.	miseria	povertà	povertà	povertà	povertà	povertà	povertà povertà	povertà	povertà	povertà	indigenza	indigenza	bisogno	stento"
Aveva l'aria di una perduta nobiltà: la miseria gli si leggeva tutta nel volto e nella camicia sbrindellata sul petto.	sbrindellata	strappata	strappata	strappata	strappata	rotta	rotta	rotta	stracciata	stracciata	stracciata	consumata	consunta	lacerata	malmessa	rovinata	sgualcita"
Sono per lo più opere di autori anonimi, spesso giunte a noi frammentarie, che ritraggono la società dell'epoca, orientata al profitto e al piacere.	anonimi	sconosciuti	sconosciuti	sconosciuti	sconosciuti	sconosciuti	sconosciuti	sconosciuti	sconosciuti	ignoti	ignoti"
Sono per lo più opere di autori anonimi, spesso giunte a noi frammentarie, che ritraggono la società dell'epoca, orientata al profitto e al piacere.	giunte	arrivate	arrivate	arrivate	arrivate	arrivate	arrivate	arrivate	arrivate	arrivate	arrivate	pervenute	pervenute"
Sono per lo più opere di autori anonimi, spesso giunte a noi frammentarie, che ritraggono la società dell'epoca, orientata al profitto e al piacere.	profitto	guadagno	guadagno	guadagno	guadagno	guadagno	guadagno	guadagno	guadagno	guadagno	guadagno	denaro	ricavo	ricchezza	ricompensa"
Gli piaceva come raccontava il Manolo, con quelle frasi ampollose costellate di parole in dialetto	ampollose	retoriche	retoriche	retoriche	pompose	pompose	ricercate	ricercate	altisonanti	ampie	cerimoniose	complesse	gonfie	opulente	piene	pretenziose	ridondanti"
Gli piaceva come raccontava il Manolo, con quelle frasi ampollose costellate di parole in dialetto	costellate	piene	piene	piene	piene	piene	piene	piene	cosparse	cosparse	ricche	ricche	accostate	disseminate	farcite	frammiste	intervallate"
Gli piaceva come raccontava il Manolo, con quelle frasi ampollose costellate di parole in dialetto	parole	termini	termini	termini	espressioni	espressioni	vocaboli	vocaboli	linguaggio"
Dopo una giovinezza irrequieta angustiata dalle ristrettezze economiche (i Pulci erano una nobile famiglia decaduta), è introdotto presso la famiglia Medici nel 1461, dove entra presto nelle grazie del giovane Lorenzo.	giovinezza	gioventù	gioventù	gioventù	gioventù	gioventù	gioventù	gioventù	gioventù	adolescenza	adolescenza	età	infanzia"
Dopo una giovinezza irrequieta angustiata dalle ristrettezze economiche (i Pulci erano una nobile famiglia decaduta), è introdotto presso la famiglia Medici nel 1461, dove entra presto nelle grazie del giovane Lorenzo.	angustiata	tormentata	tormentata	tormentata	afflitta	afflitta	angosciata	angosciata	preoccupata	preoccupata	colpita	inasprita	provata	travagliata	vessata"
Dopo una giovinezza irrequieta angustiata dalle ristrettezze economiche (i Pulci erano una nobile famiglia decaduta), è introdotto presso la famiglia Medici nel 1461, dove entra presto nelle grazie del giovane Lorenzo.	grazie	favori	favori	favori	favori	simpatie	simpatie	simpatie	benevolenze	benevolenze	desideri"
Inventiamo miti e trame per sottrarre al tempo la sua apparente mancanza di senso.	sottrarre	togliere	togliere	togliere	togliere	togliere	togliere	togliere	togliere	togliere	togliere	levare	privare"
Inventiamo miti e trame per sottrarre al tempo la sua apparente mancanza di senso.	apparente	finta	finta	finta	falsa	fittizia	fittizio	inconsistente	informe	percepibile	verosimile"
Inventiamo miti e trame per sottrarre al tempo la sua apparente mancanza di senso.	mancanza	assenza	assenza	assenza	assenza	assenza	assenza	carenza	carenza	privazione"
È uno dei poemi più singolari della letteratura italiana, dato il tono giocoso e le avventure mirabolanti di alcuni personaggi.	singolari	particolari	particolari	particolari	particolari	particolari	particolari	caratteristici	caratteristici	insoliti	insoliti	peculiari	peculiari	unici	unici	atipici	originali	speciali"
È uno dei poemi più singolari della letteratura italiana, dato il tono giocoso e le avventure mirabolanti di alcuni personaggi.	giocoso	scherzoso	scherzoso	scherzoso	scherzoso	scherzoso	scherzoso	scherzoso	allegro	allegro	allegro	divertente	divertente	felice	festoso	ludico"
È uno dei poemi più singolari della letteratura italiana, dato il tono giocoso e le avventure mirabolanti di alcuni personaggi.	mirabolanti	strabilianti	strabilianti	strabilianti	avventurose	avventurose	straordinarie	straordinarie	assurde	fantastiche	impensabili	incredibili	meravigliose	mirabile"
Lo stile è molto popolareggiante, a volte quasi con ostentazione (specialmente in alcune canzoni, che sembrano costituite da centoni di proverbi popolari), ma senza per questo risultare affettato; e si deve ricordare come Poliziano fosse una delle persone più colte e raffinate del suo tempo.	popolareggiante	comune	comune	comune	comune	popolare	popolare	popolare	popolare	pop	pop	basilare	casereccio	popolaresco	schietto	semplice"
Lo stile è molto popolareggiante, a volte quasi con ostentazione (specialmente in alcune canzoni, che sembrano costituite da centoni di proverbi popolari), ma senza per questo risultare affettato; e si deve ricordare come Poliziano fosse una delle persone più colte e raffinate del suo tempo.	ostentazione	esibizione	esibizione	esibizione	esibizione	esibizione	sfoggio	sfoggio	sfoggio	esagerazione	esagerazione	esibizionismo	esibizionismo	sfacciataggine	sfacciataggine	presunzione"
Lo stile è molto popolareggiante, a volte quasi con ostentazione (specialmente in alcune canzoni, che sembrano costituite da centoni di proverbi popolari), ma senza per questo risultare affettato; e si deve ricordare come Poliziano fosse una delle persone più colte e raffinate del suo tempo.	affettato	costruito	costruito	costruito	costruito	forzato	forzato	ricercato	ricercato	artefatto	artificioso	complesso	esagerato	falso	finto	innaturale	pomposo	preciso	pretenzioso	sdolcinato	studiato"
Tardo a capire, incapace d'un solo gesto e d'una sola parola, inchiodato alla mia viltà e al mio livore, io rimanevo il solito piccolo, impotente sicario di sempre.	tardo	lento	lento	lento	lento	lento	difficoltoso	duro	fatico	ritardo	tardivo	tonto"
Tardo a capire, incapace d'un solo gesto e d'una sola parola, inchiodato alla mia viltà e al mio livore, io rimanevo il solito piccolo, impotente sicario di sempre.	livore	astio	astio	astio	astio	astio	rancore	rancore	rancore	rancore	risentimento	risentimento	risentimento	odio	odio	rabbia	rabbia	ostilità"
Tardo a capire, incapace d'un solo gesto e d'una sola parola, inchiodato alla mia viltà e al mio livore, io rimanevo il solito piccolo, impotente sicario di sempre.	sicario	assassino	assassino	assassino	assassino	assassino	assassino	assassino	killer	killer	boia	criminale	delinquente	esecutore"
Gli Stati europei danno vita a veri e propri imperi attraverso cui controllare le colonie, mentre nella società si diffonde l'idea che con il lavoro si possa estendere indefinitamente il benessere e la civiltà, liberando gli uomini dai condizionamenti della natura.	estendere	aumentare	aumentare	aumentare	diffondere	diffondere	diffondere	allargare	allargare	ampliare	ampliare	distribuire	espandere	generare	ingrandire	sviluppare"
Gli Stati europei danno vita a veri e propri imperi attraverso cui controllare le colonie, mentre nella società si diffonde l'idea che con il lavoro si possa estendere indefinitamente il benessere e la civiltà, liberando gli uomini dai condizionamenti della natura.	indefinitamente	illimitatamente	illimitatamente	illimitatamente	illimitatamente	illimitatamente	enormemente	incontrollabilmente	indistintamente	infinitamente	moltissimo"
Gli Stati europei danno vita a veri e propri imperi attraverso cui controllare le colonie, mentre nella società si diffonde l'idea che con il lavoro si possa estendere indefinitamente il benessere e la civiltà, liberando gli uomini dai condizionamenti della natura.	condizionamenti	influenze	influenze	influenze	influenze	influenze	influenze	vincoli	vincoli	dipendenza	limitazioni	obblighi"
Negli ultimi quattro anni di vita Anna aveva sofferto e superato dolori immensi, folgoranti come l'esplosione di un deposito di metano e che le stagnavano ancora nel cuore.	immensi	enormi	enormi	enormi	enormi	enormi	grandi	grandi	grandi	profondi	profondi	forti	fortissimi	immani	infiniti"
Negli ultimi quattro anni di vita Anna aveva sofferto e superato dolori immensi, folgoranti come l'esplosione di un deposito di metano e che le stagnavano ancora nel cuore.	folgoranti	forti	forti	forti	fulminanti	fulminanti	fulminanti	accecanti	accecanti	acuti	brucianti	devastanti	dolorosi	imprevisti	improvvisi	intensi	lancinanti	potenti	sconvolgenti"
Negli ultimi quattro anni di vita Anna aveva sofferto e superato dolori immensi, folgoranti come l'esplosione di un deposito di metano e che le stagnavano ancora nel cuore.	stagnavano	rimanevano	rimanevano	rimanevano	rimanevano	restavano	restavano	restavano	accumulavano	giacevano	immobilizzavano	pesavano
それをエラストが連れ戻すことで恩を売り、なおかつ結婚を認めさせようという計画である。	連れ戻す	連れて帰る	連れて帰る	連れて帰る	連れて帰る	連れて帰る	取り返す	取り返す	一緒に帰る	一緒に帰る	連れてくる	連れてくる	戻す	こちらに返す	見つけて帰す	元の場所に返す	一緒に戻ってくる	探して連れてくる	連れて帰ってくる	以前いた場所に戻す	元の場所に連れてくる	元居た所に、連れて行く	行って一緒に帰ってくる	もう一度自分のものにする	よく話してここに帰ってくる	追って行って、元の場所に戻す	引き戻す	もとの場所に戻す
それをエラストが連れ戻すことで恩を売り、なおかつ結婚を認めさせようという計画である。	恩を売り	助けてあげ	助けてあげ	助けてあげ	助けてあげ	感謝させ	感謝させ	サポートし	サポートし	感謝してもらい	感謝してもらい	ありがたいと思わせ	ありがたいと思わせ	助け	恩に着せ	喜んでもらい	貸しをつくり	親切にしてあげ	いいことをしてあげ	救いの手を差し伸べ	相手に借りを作らせ	ありがたく思ってもらい	ありがたく感じてもらい	相手に感謝させるようにし	助けてあげたと相手に思わせ	良いことをしてもらったと思わせ	その代わりに何かをしたいと思わせ	見返りを期して恩を施し	後に感謝されるように施しを与えて貸しを作り
それをエラストが連れ戻すことで恩を売り、なおかつ結婚を認めさせようという計画である。	なおかつ	さらに	さらに	さらに	さらに	さらに	さらに	さらに	さらに	また	また	また	また	そのうえ	そのうえ	そのうえ	それに加えて	それに加えて	それに加えて	しかも	しかも	そして	そして	その上	その上	それでなお	それにプラスして	そのうえまた	そのうえ更に
各種の自動車、自転車、市電など、ぜんぜん気にかけない。	各種の	様々な	様々な	様々な	様々な	いろいろな種類の	いろいろな種類の	いろいろな種類の	いろいろな種類の	いろいろな	いろいろな	いろいろな	色々な	色々な	色々な種類の	色々な種類の	たくさんの種類の	たくさんの種類の	様々な種類の	様々な種類の	多彩な	多くの種類の	沢山の種類の	色んな種類の	それぞれの種類の	ぞれぞれの種類の	それぞれのタイプの
各種の自動車、自転車、市電など、ぜんぜん気にかけない。	市電	路面電車	路面電車	路面電車	路面電車	電車	電車	市の電車	市の電車	トラム	市街電車	路面鉄道	市営の電車	チンチン電車	ローカル電車	道を走る電車	道路を走る電車	街の中を走る電車	道の上を走る電車	道路上を走る電車	市が持っている電車	市が走らせている市民のための電車	市営電車	市を走る路面電車
各種の自動車、自転車、市電など、ぜんぜん気にかけない。	気にかけない	気にしない	気にしない	気にしない	気にしない	気にしない	気にしない	気にしない	心配しない	心配しない	心配しない	考えない	考えない	興味がない	興味がない	悩まない	構わない	無視する	注意しない	関心がない	問題としない	気にとめない	深く考えない	知らん顔をする	何も考えていない	なんとも思っていない	とらわれない	執着を持たない	関心を持たない
ドラマに関する感想を募集し、週ごとにピックアップして回答も掲載した。	募集し	集め	集め	集め	集め	集め	集め	促し	募り	探し	集めて	呼びかけ	広く集め	呼びかけて	たくさん求め	書いてもらい	送ってもらい	呼びかけて集め	くださいとお願いし	みんなに書いてもらい	集めていることを伝え	公に募めて	公募して集めて	一般に募り集めて
ドラマに関する感想を募集し、週ごとにピックアップして回答も掲載した。	ピックアップして	選んで	選んで	選んで	選んで	選んで	選んで	選んで	取り上げて	取り上げて	取り上げて	取り上げて	選び出して	選び出して	選び出して	セレクトして	セレクトして	取り上げ	拾い出して	よりすぐって	チョイスして	いくつか選んで	その中から選んで	良いものを選んで	良いものを取り上げて	その中からいくつか決めて	拾い上げて	つまみ上げて
ドラマに関する感想を募集し、週ごとにピックアップして回答も掲載した。	掲載した	載せた	載せた	載せた	載せた	載せた	載せた	載せた	載せた	載せた	載せた	書いた	書いた	書いた	紹介した	紹介した	紹介した	発表した	発表した	公開した	知らせた	紙面に載せた	記載し情報を伝えた
再びはじめに戻れば、{a,b}=cまたは{a,b}={c,d}である。	再び	もう一度	もう一度	もう一度	もう一度	もう一度	もう一度	もう一度	もう一度	もう一度	また	また	また	また	また	また	また	もう一回	もう一回	もう一回	前と同じように	前と同じように	再度	再度	繰り返し
再びはじめに戻れば、{a,b}=cまたは{a,b}={c,d}である。	はじめ	最初	最初	最初	最初	最初	最初	最初	最初	スタート	スタート	スタート	スタート	元	頭	先頭	冒頭	一番前	一番目	始まり	１番目	はじまり	最初のところ	いちばんはじめ	開始地点	スタート地点
再びはじめに戻れば、{a,b}=cまたは{a,b}={c,d}である。	または	か	か	か	か	あるいは	あるいは	あるいは	あるいは	もしくは	もしくは	もしくは	もしくは	それとも	それとも	それとも	それか	それか	そして	或いは	すなわち	でなければ	もうひとつは	それでなければ	そうでなければ
旧基準の製品を使用する場合は、収納部分の扉のロックが壊れていたら、直ちに使用を中止してください。	旧	古い	古い	古い	古い	古い	古い	古い	古い	古い	古い	以前の	以前の	以前の	以前の	以前の	以前の	以前の	昔の	昔の	昔の	昔の	昔の	昔の	前の	前の	前の	前の	今より前の
旧基準の製品を使用する場合は、収納部分の扉のロックが壊れていたら、直ちに使用を中止してください。	ロック	鍵	鍵	鍵	鍵	鍵	鍵	錠	錠	錠	かぎ	キー	固定部分	開け閉めする部分	開け閉めする金具	動きを止めるところ	動かないようにする部品	開かないようにするところ	かけられているはずの鍵
旧基準の製品を使用する場合は、収納部分の扉のロックが壊れていたら、直ちに使用を中止してください。	直ちに	すぐに	すぐに	すぐに	すぐに	すぐに	すぐに	すぐに	すぐに	すぐに	早く	早く	早く	今すぐ	今すぐ	急いで	急いで	すぐさま	すぐさま	即座に	即座に	今	すぐ	じきに	速やかに	即刻
楽譜にはそれぞれ、長大な標題がリストによって書き添えられている。	長大な	長い	長い	長い	長い	長い	とても長い	とても長い	とても長い	とても長い	長々とした	長々とした	長々とした	たくさんの	たくさんの	すごい	沢山の	長く続く	すごく長い	文字数の多い	長くて大きい	ボリュームのある	長く大きな	長く立派な	素晴らしく長い
楽譜にはそれぞれ、長大な標題がリストによって書き添えられている。	標題	タイトル	タイトル	タイトル	タイトル	タイトル	タイトル	題名	題名	題名	題名	題名	名前	名前	名前	題	題	解説	説明	題目	見出し	説明文	別の名前	曲を表す題名	内容がわかる短いことば	外題
楽譜にはそれぞれ、長大な標題がリストによって書き添えられている。	書き添えられて	書かれて	書かれて	書かれて	書かれて	書かれて	書き足されて	書き足されて	書き足されて	書き足されて	書き加えられて	書き加えられて	書き加えられて	一緒に書かれて	一緒に書かれて	付け加えられて	付け加えられて	メモされて	付けられて	添えられて	一緒に付いて	付け足されて	隣に書かれて	小さく書かれて	書かれ、足されて	追記されて
過去の作品で馴染み深かった音楽が一部変更されている（戦闘曲やレベルアップ音など）。	馴染み深かった	よく知っている	よく知っている	よく知っている	よく聞いていた	よく聞いていた	なじみの	見慣れた	親しんだ	よく聴いた	慣れている	聞きなれた	聞き慣れた	聴き慣れた	親しまれた	慣れ親しんだ	親しみのある	親しんでいた	よく知っていた	よく知られていた	よく聞かれていた	長い間聞いてきた	皆がよく知っている	何度も聞いてよく知っている	たくさんの人がよく知っている	慣れ親しまれた	長い期間にわたり良く知られている
過去の作品で馴染み深かった音楽が一部変更されている（戦闘曲やレベルアップ音など）。	変更されて	変わって	変わって	変わって	変わって	変わって	変えられて	変えられて	変えられて	変えられて	変えられて	直されて	直されて	直されて	修正されて	修正されて	新しくなって	新しくなって	違って	編曲されて	手直しされて	チェンジされて	違うものになって	違う音楽になって	変え改められて	変わり改められて
過去の作品で馴染み深かった音楽が一部変更されている（戦闘曲やレベルアップ音など）。	戦闘曲	戦いの曲	戦いの曲	戦いの曲	戦いの曲	戦いの曲	争いの曲	戦いの歌	戦争の曲	ゲームの曲	バトル音楽	戦う時の曲	戦争の音楽	ゲームの音楽	戦う場面の曲	バトルシーンの曲	戦争がテーマの曲	戦うイメージの音楽	敵と戦うときの音楽	戦う時に聞こえる音楽	ゲームで敵と戦う時の曲	ゲームなどで戦う時に流れる曲	バトルミュージック
登場人物の衣装・小物に現代のデザインを応用したものが随所に登場している。	小物	アクセサリー	アクセサリー	アクセサリー	道具	道具	持ち物	持ち物	雑貨	飾り	装身具	飾り物	身の回り品	身の回りの物	アクセサリー類	持っているもの	身に着ける小さい物	からだに着ける小さい物	帽子や時計、ゆびわなど	バッグや靴やアクセサリー	帽子やバッグ、メガネなど	小さい道具や衣装に付ける飾り	帽子やバッグ、メガネなどの小物	装飾品	服飾雑貨
登場人物の衣装・小物に現代のデザインを応用したものが随所に登場している。	応用した	使った	使った	使った	使った	使った	取り入れた	取り入れた	取り入れた	取り入れた	利用した	利用した	当てはめた	当てはめた	アレンジした	アレンジした	用いた	活かした	あてはめた	うまく使った	アイデアにした	使って表現した	あてはめて用いた	あてはめて活用した
登場人物の衣装・小物に現代のデザインを応用したものが随所に登場している。	随所	あちこち	あちこち	あちこち	あちこち	あちこち	いろいろな場面	いろいろな場面	いろいろなところ	いろいろなところ	あちらこちら	あちらこちら	各所	いたる所	そこここ	色んな所	あらゆる所	様々な場所	あらゆる場所	いろいろな所	いろんな場所	色んなところ	いろんなところ	たくさんの場面	たくさんのところ	至る所
店が繰り返し強盗被害にあっていたことなどを考慮したためとされる。	繰り返し	何回も	何回も	何回も	何回も	何回も	何回も	何回も	何回も	何度も	何度も	何度も	何度も	何度も	何度も	度々	度々	たびたび	たびたび	よく	いつも	複数回	しばしば	二回も三回も	度重なる
店が繰り返し強盗被害にあっていたことなどを考慮したためとされる。	強盗被害	強盗	泥棒	犯罪	盗み	押し入り	押し込み	泥棒の被害	盗みの被害	恐ろしい犯罪	ぬすまれること	奪い取られる災難	物を取られること	物を奪われること	物を盗まれること	泥棒に入られる被害	金品を盗られる不運	無理矢理取られる災難	ドロボウによるダメージ	金を出せと脅される被害	ドロボウに入られて辛い目	押し入りというひどい経験	お金や物を無理やり取られる被害	お金や物を脅して取る犯罪の被害	暴力や脅迫などの手段により金銭や物品を盗まれる被害
店が繰り返し強盗被害にあっていたことなどを考慮したためとされる。	考慮した	考えた	考えた	考えた	考えた	考えた	よく考えた	よく考えた	よく考えた	思った	一考した	気にした	配慮した	かんがみた	思いやった	見て取った	頭においた	頭に入れた	考え合わせた	いろいろと考えた	どうしたらいいかとよく考えた	考えて気遣った	踏まえて考えた
リスナーが、柴田をキレさせるようなメールを送ってきて山崎が「まあまあまあ、柴田さん」と諫めるコーナー。	キレさせる	怒らせる	怒らせる	怒らせる	怒らせる	怒らせる	怒らせる	怒らせる	おこらせる	激怒させる	腹立たせる	逆上させる	いら立たせる	イラつかせる	カッとさせる	ムッとさせる	急に怒らせる	とても怒らせる	イライラさせる	嫌だと思わせる	激しく怒らせる	すごくムカつかせる	我慢できずに怒り出させる	我慢が限界に達し、理性的な対応をできなくさせる
リスナーが、柴田をキレさせるようなメールを送ってきて山崎が「まあまあまあ、柴田さん」と諫めるコーナー。	諫める	なだめる	なだめる	なだめる	落ち着かせる	落ち着かせる	落ち着かせる	言い聞かせる	言い聞かせる	言い聞かせる	止める	止める	忠告する	忠告する	注意する	注意する	抑える	鎮める	説教する	軽く叱る	柔らかく注意する	怒らないようにと話す	落ち着くようお願いする	諭す	意見して制する	気分を落ち着かせようととめる
リスナーが、柴田をキレさせるようなメールを送ってきて山崎が「まあまあまあ、柴田さん」と諫めるコーナー。	コーナー	時間	時間	時間	時間	時間枠	時間枠	番組の一部分	番組の一部分	場所	場面	番組	箇所	部分	ところ	シリーズ	番組企画	セクション	一区切りの時間	番組の中のひとつの部分	ある目的のために企画された時間帯	ある目的のために設けられた時間帯
as equipes contratadas pelo departamento de estradas de rodagem do paraná (der/pr) estão fazendo a primeira camada de asfalto no trecho da rodovia que passa por baixo da trincheira da jacob macanhan e também nos acessos laterais para a avenida camilo di lellis e para os bairros da região de pinhais	estradas	ruas	ruas	caminhos	caminhos	vias	rodovias
atenta à necessidade de melhorar a transparência dos fundos, a entidade lançará em seu congresso que começa nesta segunda-feira, 12, em florianópolis, o seu primeiro código de governança de investimentos, de adesão voluntária dos fundos	transparência	clareza	clareza	clareza	translucidez	visibilidade	publicidade
E o sacerdote fará expiação por toda a congregação dos filhos de Israel, e lhes será perdoado, porquanto foi por ignorância; e trouxeram a sua oferta, oferta queimada ao SENHOR, e a sua expiação do pecado perante o SENHOR, por causa da sua ignorância.	expiação	purificação	purificação	perdão	perdão	penitência	perdao
Não te assenhorearás dele com rigor, mas do teu Deus terás temor.	rigor	firmeza	firmeza	dureza	força	duro	severidade
outro: a luta contra a corrupção é progressiva quando prende empreiteiros que ganharam contratos milionários na petrobrás, mas reacionária quando a investigação é, tortuosamente, manipulada para criminalizar somente o pt	empreiteiros	construtores	construtores	construtores	empresarios	empresarios
para que a organização criminosa alcançasse sucesso e pudesse praticar crimes ao longo dos anos, foi necessária a formatação de uma base empresarial, burocrática, técnica e política que desse sustentação aos atos criminosos	atos	atitudes	atitudes	atitudes	ações	ações	ações	feitos	práticas
Como também os ratos de ouro, segundo o número de todas as cidades dos filisteus, pertencentes aos cinco príncipes, desde as cidades fortificadas até às aldeias, e até Abel. A grande pedra, sobre a qual puseram a arca do SENHOR, ainda está até ao dia de hoje no campo de Josué, o bete-semita.	aldeias	cidades	cidades	vilas	vilas	terras	localidades
no percurso rápido, estamos buscando uma vida mais agitada e audaciosa, que nos proporcione maiores triunfos, apesar dos perigos	perigos	dificuldades	riscos	acidenge	apuro	percalços
E, navegando dali, chegamos no dia seguinte defronte de Quios, e no outro aportamos a Samos e, ficando em Trogílio, chegamos no dia seguinte a Mileto.	navegando	velejando	velejando	viajando	boiand	viajando de barco
por isso, os países sócios adotam uma política única de taxação de produtos importados, a chamada tarifa externa comum (tec)	produtos	itens	itens	itens	mercadorias	mercadorias	objetos
o pesquisador paulo barreto, do imazon, acrescentou mais cinco medidas contra o desmatamento: cobrar o imposto rural, expandir a moratória da soja ao cerrado, fechar o mercado para a carne ilegal, dar crédito só para quem cumpre a lei e inovar nas táticas de combate	moratória	suspensão	suspensão	pausa	morada	divida	armazem
vários líderes da guerrilha o rodeavam, vestindo camisetas com o novo slogan das farc: reconciliação nacional, paz com justiça social e democracia avançada	democracia	processos democráticos	liberdade	doutrina democrática	direito	soberania popular
buzzi entendeu que a condenação poderia comprometer a própria estrutura de subsistência familiar	subsistência	sobrevivência	sobrevivência	sustento	estabilidade	manutenção	conservação	sobreviver
Como terapêutica de life-saving, optou-se por realizar fibrinólise com fator ativador do plasminogénio tecidual, através do dreno torácico, o que ocorreu com sucesso e sem complicações.	ativador	estimulador	estimulador	reabilitador	acionador	gerador	iniciador
Todavia tu, pela multidão das tuas misericórdias, não os deixaste no deserto. A coluna de nuvem nunca se apartou deles de dia, para os guiar pelo caminho, nem a coluna de fogo de noite, para lhes iluminar; e isto pelo caminho por onde haviam de ir.	misericórdias	bondades	bondades	perdão	compaixões	bençãos
Usando a mesma estratégia do grupo da EAPC, efetuamos uma pesquisa sistemática da literatura nas bases de dados eletrónicas PubMed e Scopus incluindo estudos originais em adultos com cancro avançado, sem tratamento dirigido à neoplasia, com sobrevivência mediana inferior a 90 dias.	bases	registros	eixo	bancos	superfície	localidades
Porque, devendo já ser mestres pelo tempo, ainda necessitais de que se vos torne a ensinar quais sejam os primeiros rudimentos das palavras de Deus; e vos haveis feito tais que necessitais de leite, e não de sólido mantimento.	rudimentos	fundamentos	fundamentos	fundamentos	fundamentos	argumentos	princípios	origens	inícios	antigos
Depois tomarás do sangue do novilho, e o porás com o teu dedo sobre as pontas do altar, e todo o sangue restante derramarás à base do altar.	novilho	bezerro	bezerro	bezerro	bezerro	vitelo	novilho
Nem jurarás pela tua cabeça, porque não podes tornar um cabelo branco ou preto.	cabelo	fio	fio	fio	mecha	pêlos
Grupo 1 (com puberdade e menarca espontânea): 20 (25,3%) doentes, 16,1 ± 8,9 anos.	puberdade	adolescência	adolescência	adolescencia	adolescencia	juventude
A transmissão da doença ocorreu predominantemente em ambiente escolar, com taxas de ataque < 30%.	ataque	contaminação	contaminação	dano	transmissão	infecção	eficácia	agressão
eles foram levados pela enxurrada e parte do gramado das margens também foram levados pelas águas	margens	beiras	beiras	beiras	partes perto da margem	laterais
Indo, pois, ter com ele os samaritanos, rogaram-lhe que ficasse com eles; e ficou ali dois dias.	samaritanos	bondosos	caridosos	pessoas	de samaria	estrangeiros	rapazes
Inclinai os vossos ouvidos, e vinde a mim; ouvi, e a vossa alma viverá; porque convosco farei uma aliança perpétua, dando-vos as firmes beneficências de Davi.	beneficências	bondades	bondades	bençãos	bençãos	benevolências	benefícios
tóquio volta a cair de olho em boj – influenciada por incertezas antes da reunião do banco do japão da próxima semana, a bolsa de tóquio recuou pelo segundo pregão consecutivo o nikkei caiu 1,26%, depois de registrar recuo de 0,69% ontem	incertezas	dúvidas	dúvidas	dúvidas	dúvidas	impossibilidades	indefinições
E até pelos pais, e irmãos, e parentes, e amigos sereis entregues; e matarão alguns de vós.	pais	genitores	genitores	familia	progenitores	nação
Para o que (digo a verdade em Cristo, não minto) fui constituído pregador, e apóstolo, e doutor dos gentios na fé e na verdade.	gentios	agnósticos	não judeus	multidão	caridosos	clã	estrangeiros	grupos
galdino precisou ser controlado por colegas e acabou preso pela guarda municipal	colegas	amigos	amigos	conhecidos	conhecidos	companheiros de trabalho
A mulher virtuosa é a coroa do seu marido, mas a que o envergonha é como podridão nos seus ossos.	podridão	sujeira	carniça	podre	ferida	deprevação
Na avaliação da classificação das três colunas, a reprodutibilidade interobservador foi de 0,47 (p < 0,0001), classificada como concordância moderada.	coluna	pilar	pilares	base	tabela	grupos	costas
සකල ක්ලේශ ප්‍රහාණයෙන් ලෝකෝත්තර තත්ත්වයෙහි වැඩ විසූ තථාගතයන් වහන්සේ සම්මා සම්බුද්ධ නම් වූ  ලොවුතුරා සම්බුදු පදවියට පත්වූයේ උතුම් මිනිස් ජීවිතයක් ලැබීමෙන් බව අප අමතක නොකළ යුතුව ඇත.	තථාගතයන්	බුදුරජාණන්	බුදුරජාණන්	බුදුරජාණන්	බුදුරජාණන්	භාග්‍යවතුන්	භාග්‍යවතුන්	බුදුන්	බුදුන්	සම්බුදුරජාණන්	බුදුවරයන්
නල්ලතන්නිය කල්ප රුක්ෂ විහාරස්ථානයේ විහාරාධිපති දෙහිපේ නන්ද හිමියන්ගේ අනුශාසකත්වයෙන්, නල්ලතන්නිය සංචාරක නිවාඩු නිකේතන හිමියන්ගේ සංගමය, ත්‍රිරෝද රථ සහ වෑන් රථ සංගමය, සංචාරක මඟ පෙන්වන්නන්ගේ සංගමය සහ ප්‍රදේශවාසීන් එක්ව මේ විරෝධතාව සංවිධාන කර තිබුණි.	අනුශාසකත්වයෙන්	ප්‍රධානත්වයෙන්	ප්‍රධානත්වයෙන්	ප්‍රධානත්වයෙන්	ප්‍රධානත්වයෙන්	ප්‍රධානත්වයෙන්	ආශිර්වාදයෙන්	ආශිර්වාදයෙන්	ආශිර්වාදයෙන්	මගපෙන්වීමෙන්	මගපෙන්වීමෙන්
නිර්වාණය වනාහි ආර්යයන් ගේ පරම විශුද්ධ ලෝකෝත්තර ඥානයට මිස සෙස්සන් ගේ දුබල ඥානයට හොඳින් අසු නොවන්නා වූ ඇති වීමක් නැතිව ඇත්තා වූ, නො දිරන්නා වූ, නොබිඳෙන්නා වූ, සෑම කල්හි ම පවත්නා වූ, අනන්තාපරිමාණ ගුණයන් ගෙන් යුක්ත වූ, පරම සූක්ෂම වූ පරම ගම්භීර වූ එක්තරා සුඛස්වභාවයෙකි.	නිර්වාණය	නිවන	නිවන	නිවන	නිවන	නිවන	නිවන	මුක්තිය	මුක්තිය	මුක්තිය	මෝක්ෂය
වෛද්‍ය විද්‍යාවට මෙයින් ලැබෙන පිටිවහල අතිමහත්වන අතර ඒ හේතුවෙන් මූලික වශයෙන් පෙනහළු මෙන්ම අක්මාව, අග්න්‍යාශය, වකුගඩු හා අන්තරයට ප්‍රවෙණිගතව බලපෑ හැකි රෝගී තත්ත්වයක සිට පියයුරු පිළිකා දක්වා හේතුවිය හැකි ප්‍රවේණිගත වැරදීම් ඉවත් කිරීම පිළිබඳ සංකල්පය ද මීට අයත්වේ.	පිටිවහල	උදවු	උදවු	උදවු	උදවු	උපකාර	උපකාර	උපකාර	පිහිට	පිහිට	පිහිට
මෙරට පවුල් ලක්ෂ 68ක සංඛ්‍යාවකින් ලක්ෂ 26ක් දරිද්‍රතා රේඛාවෙන් පහළ මට්ටමේ සිටින බව මුදල් රාජ්‍ය අමාත්‍ය රංජිත් සියඹලාපිටිය මහතා පැවැසීය.	දරිද්‍රතා	දුප්පත්	දුප්පත්	දුප්පත්	දුප්පත්	දුප්පත්	දිළිඳු	දිළිඳු	දිළිඳු	දුගී	දුගී
අම්මා කෙනෙකුගෙන් තොරවූ ජන සමාජයක් කිසි දිනෙක මිහිපිට පහළ වූයේ නැත, ඒ නිසාම අතීත යුගයේ සිට අම්මා කෙනෙකු බවට පත්වූ වනිතාව මුළු මහත් ප‍්‍රජාවගේම බුහුමනට පාත‍්‍ර වූවාය.	වනිතාව	කාන්තාව	කාන්තාව	කාන්තාව	කාන්තාව	ගැහැණිය	ගැහැණිය	ගැහැණිය	කත	කත	කත
උදෑසන ආහාර සොයා ගිය සියොතුන් නැවත තම කැදැලි කරා පියඹා එන්නට පටන් ගෙන.	සියොතුන්	කුරුල්ලෝ	කුරුල්ලෝ	කුරුල්ලෝ	කුරුල්ලෝ	කුරුල්ලෝ	කුරුල්ලෝ	පක්ෂීන්	පක්ෂීන්	පක්ෂීන්	විහඟුන්
සමාරම්භයත් සමඟම, මාතර හා තදාසන්න ප්‍රදේශවල සිය ගණන් මාපියෝ සිය පුත්‍රයන්ගේ ඉංග්‍රීසි අධ්‍යාපනය උදෙසා පරාක්‍රමබාහු පාඨශාලාව යනුවෙන් නම් කෙරුණු මේ පාසලට රැගෙන එන්නට වූහ.	පාඨශාලාව	පාසල	පාසල	පාසල	පාසල	විදුහල	විදුහල	විද්‍යාලය	විද්‍යාලය	ඉස්කෝලය	ඉස්කෝලය
බලි තොවිල් වැනි ශාන්ති කර්මවලදී කේතුට හිමි වෘක්ෂය වන කෙසෙල් ගසේ පතුරු භාවිත කරන්නේ වාත, පිත, සෙම යන කොටස් තුන කෙසෙල් පතුරුවල අඩංගු නිසාය.	වෘක්ෂය	ගස	ගස	ගස	ගස	ගස	ගස	රුක	රුක	රුක	තුර
වඩා ත් තීරණාත්මක ලෙස, ඇතැම් න්‍යායන්ට අනුව අපගේ ග්‍රහලෝකය තුළ ජීවය සම්භවය විය හැකි තත්ත්වයන් නිර්මාණය කිරීමට චන්ද්‍රයා උපකාර වන්නට, එසේම පෘථිවියේ ජීවය ප්‍රථමයෙන් ආරම්භ කිරීමට පවා උපකාර වන්නට ඇත.	චන්ද්‍රයා	සඳ	සඳ	සඳ	සඳ	සඳ	හඳ	හඳ	හඳ	හඳ	තරිඳු
තමා වෙත කෙතෙක් ලැබුණත් තෘප්තිමත් නොවීම හා අනුන් සන්තකය තමා වෙත ලබා ගැනීමට ඇති ලොල්බව අත්‍රිච්ඡතාවයයි.	ලොල්බව	ආශාව	ආශාව	ආශාව	ඇල්ම	ඇල්ම	ඇල්ම	කැමැත්ත	කැමැත්ත	ප්‍රියතාවය	ප්‍රියතාවය
නිරිත දිග මෝසම් වර්ෂාව ආරම්භයත් සමග මධ්‍යම කඳුකරයේ බටහිර බෑවුම් ප්‍රදේශවලට තද වැසි පතනය වන අතර එම වර්ෂාවෙන් බොහෝ දියඇලි ක්ෂණිකව පෝෂණය ලබමින් දැකුම්කළුව ගලා බසියි.	දැකුම්කළුව	මනරම්ව	මනරම්ව	මනරම්ව	මනරම්ව	පියකරුව	පියකරුව	පියකරුව	සුන්දරව	සුන්දරව	සුන්දරව
එයිනුත් පසුගිය දශක කිහිපය තුළ සිදුවී ඇති වෙනස්කම් වඩාත් කැපී පෙනෙන නිසා ආදර හසුන් ගැන තරමක් උනන්දු වී සොයා බැලීම වඩාත් රසවත් වන්නේය.	හසුන්	ලියුම්	ලියුම්	ලියුම්	ලියුම්	ලියුම්	ලිපි	ලිපි	ලිපි	ලියමන්	ලියමන්
අධික බර නිසා වගේම අධික කෘශ බව කියන්නෙත් මානසිකව පවා අපහසුතාවට පත් කරවන දෙයක්.	කෘශ	කෙට්ටු	කෙට්ටු	කෙට්ටු	කෙට්ටු	සිහින්	සිහින්	සිහින්	කෙසඟ	කෙසඟ	කෙසඟ
පැරිසියේ ලූවර් කෞතුකාගාරයේ තැන්පත් කර ඇති ලෝක ප්‍රකට “මොනාලිසා” සිතුවම වෙතට විරෝධතාකරුවන් පිරිසක් විසින් සුප් ප්‍රහාරයක් එල්ල කර තිබෙනවා.	ප්‍රකට	ප්‍රසිද්ධ	ප්‍රසිද්ධ	ප්‍රසිද්ධ	ප්‍රසිද්ධ	ප්‍රසිද්ධ	ප්‍රසිද්ධ	පූජිත	පූජිත	පූජිත	පතල
මේ රටේ මුස්ලිම් ජනතාවට ඉස්ලාමීය ජනතාවට කරන්න පුළුවන් ලොකුම නිග්‍රහය කළේ රාජපක්ෂලා බවත් කොවිඩ් සමයේ භූමදානය ද ආදාහනය ද යන ගැටලුවේ දී ඔවුන් කටයුතු කළේ තමන්ට හිතෙන ආකාරයට බවත් විපක්ෂ නායකවරයා පැවසීය.	නිග්‍රහය	අපහාසය	අපහාසය	අපහාසය	අපහාසය	නින්දාව	නින්දාව	නින්දාව	අවමානය	අවමානය	අවමානය
එම සිතුවම් විනාශයට පත් කරමින් ගලා එන වැසි ජලය විහාරස්ථානයේ විවිධ පෞරාණික පිළිම වහන්සේ වෙත ගලාවිත් ඒවාද විනාශ වෙමින් පවතී.	පෞරාණික	පැරණි	පැරණි	පැරණි	පැරණි	පුරාණ	පුරාණ	පුරාණ	පුරාණ	ආදී	ආදී
විවිධ වර්ණයෙන් විසිතුරු වු චූඩාමාණික්‍යයෙහි රශ්මිය වැදීමෙන් සරත් කාලයේ පායන සූර්ය බිම්බයේ සුන්දරත්වය ලැබුවා වු, පුරා දිලෙන සේසත් ඇති සිංහාසනය මැද උතුම් නරනිදු අසුන් අරා වැඩ හුන් කල්හි.	නරනිදු	රජතුමා	රජතුමා	රජතුමා	රජතුමා	රජු	රජු	රජු	නිරිඳු	නිරිඳු	නිරිඳු
2021 වසරේ පැවති අපොස උසස් පෙළ විභාගයේ මුළු දිවයිනෙන්ම ප්‍රවීණතා දැක් වූ සිසුන් ඇගයීම අධ්‍යාපන අමාත්‍ය සුසිල් ප්‍රේම්ජයන්ත් මහතාගේ ප්‍රධානත්වයෙන් ඊයේ (15) සිදුවිය.	ප්‍රවීණතා	දක්ෂතා	දක්ෂතා	දක්ෂතා	දස්කම්	දස්කම්	සමත්කම්	සමත්කම්	හපන්කම්	හපන්කම්	කුසලතා
ඔහුගේ අභාවයෙන් පසු කලෙක මෙම ගෘහය රජයට පවරා ගෙන ඇති අතර එතැන් පටන් ගම්පහ කච්චේරිය ලෙසින් මෙය භාවිත කරනු ලබයි.	ගෘහය	ගෙය	ගෙය	ගෙය	ගෙදර	ගෙදර	ගෙදර	නිවස	නිවස	මන්දිරය	මන්දිරය
තමන් විසින් සිටුවන ලද කෙසෙල් ගස්වල හටගත් කැන් දෙකක් කපාගෙන ගිය සොරුන්ට දඬුවම් කරන ලෙස ඉල්ලා වස්කවි කියවූ පුද්ගලයකුගේ පහන් පැලද හොරු ගෙනගිය පුවතක් දකුණු පළාතේ ගිං ගඟ අසබඩ ගම්මානයකින් වාර්තා වේ.	අසබඩ	ළඟ	ළඟ	ළඟ	අසල	අසල	අසල	ආසන්න	ආසන්න	කිට්ටුව	කිට්ටුව
ජාතික වශයෙන් උද්ගත වූ මේ අවශ්‍යතාව දුටු මාතර නගරයේ සුප්‍රකට ව්‍යාපාරිකයකු වූ සී.ඒ. ඕදිරිස් ද සිල්වා දානපතිඳුන් විසින් සිය පවුලේ උරුමය වූ සරම් වලව්ව පිහිටි අගනා භූමිය, වඩාත් ඉඩ පහසුකම් සහිත නව ගොඩනැඟිලි කීපයක් ඉදිකිරීම පිණිස පාසලට පරිත්‍යාග කරන ලදී.	භූමිය	ඉඩම	ඉඩම	ඉඩම	ඉඩම	ඉඩම	ඉඩම	ඉඩම්කොටස	ඉඩම්කොටස	බිම	බිම
සක්දෙවිඳුන් යනු අතීත සංසාරයේ බොහෝ කාලයක් දාන, ශීල, භාවනා ආදී ත්‍රිවිධ පුණ්‍ය ක්‍රියා මැනවින් ඉහළ පරිසාධන මට්ටමකින් අසාමාන්‍ය ලෙස සිදුකළ උත්තමයෙකි.	පුණ්‍ය	කුසල්	කුසල්	කුසල්	කුසල්	කුසල්	පින්	පින්	පින්	හොඳ	හොඳ
සුන්දර බදුල්ල නගරයේ සිට කිලෝමීටර් 13ක් පමණ දුරක් ගිය පසු මෙම දර්ශනීය ලී පාලම දැකබලාගත හැකි අතර විහාරස්ථානය අවට පවත්නා බෑවුම් සහිත භූමිය සහ විශාල ගස්වැල් හේතුවෙන් දුර සිට නරඹන්නන්ගේ දෑසින් මෙම විහාරස්ථානය ආවරණය වී ඇත.	දර්ශනීය	ලස්සන	ලස්සන	ලස්සන	ලස්සන	ලස්සන	පියකරු	පියකරු	පියකරු	දැකුම්කළු	දැකුම්කළු
දින කිහිපයක සිට දුඟඳක් හමන බවට අසල්වැසියන් විසින් සිදුකළ දැනුම් දීමක් මත පොලිසිය එම නිවසට ගොස් පරීක්‍ෂා කිරීමේ දී එම නිවසේ ඇඳක් මත වයෝවෘද්ධ පිරිමි පුද්ගලයාගේ මළ සිරුර සොයාගෙන තිබේ.	වයෝවෘද්ධ	වයසක	වයසක	වයසක	වයසක	මහළු	මහළු	මහළු	නාකි	නාකි	වියපත්
මෙම සිරිත ආරම්භවූයේ නෞකාවක කපිතාන් හෝ ජ්‍යේෂ්ඨ නිලධාරියෙකුගේ විපතේ දී ඔහුට දැක්වූ උපහාරයක් වශයෙනි. නැවේ අනෙකුත් කාර්යයමණ්ඩලය ධජය අඩකුඹුකර සිදුවූ විපත සිහිපත් කරයි.	ධජය	කොඩිය	කොඩිය	කොඩිය	කොඩිය	කොඩිය	කොඩිය	දදය	දදය	සලකුණ	සලකුණ
තායිලන්තයේ රාජකීය සඟරජ පරපුරේ ප්‍රාකෘ උඩොම් දම්මානුකුල් විබන්පෑව් නායක ස්වාමීන් වහන්සේගේ අනුශාසනා පරිදි ලුවම් පු සෘෂි කෙත් කැච් තාපසතුමා ඇතුළු තායිලන්ත දායක දායිකාවන්ගේ අනුග්‍රහයෙන් මෙම ලෝහමය ප්‍රතිමාව ඉදිකර තිබේ.	ප්‍රතිමාව	පිළිමය	පිළිමය	පිළිමය	පිළිමය	පිළිරුව	පිළිරුව	පිළිරුව	පිළිරුව	අනුරුව	අනුරුව
මෑතදී පුරාවිද්‍යා දෙපාර්තමේන්තුව විසින් කරන ලද ගවේෂණයන්හිදී සොයාගෙන ඇති අලුත් තොරතුරුත්, පුරාවස්තූන්ද මෙහි යටගිය කතාව තවත් පෝෂණය කරන්නට සාක්‍ෂි සපයා ඇත.	යටගිය	අතීත	අතීත	අතීත	අතීත	පැරණි	පැරණි	පැරණි	පුරාණ	පුරාණ	පුරාණ
35 හැවිරිදි මෙසීගේ මෙම නවතම හුවමාරුව අනුව නැවතත් ඔහු⁣ගේ දිගුකාලින ප්‍රතිමල්ලවයා වන ක්‍රීස්ටියානෝ රොනල්ඩෝ අභිමුඛ වීමට නියමිතය.	ප්‍රතිමල්ලවයා	ප්‍රතිවාදියා	ප්‍රතිවාදියා	ප්‍රතිවාදියා	ප්‍රතිවාදියා	තරඟකරුවා	තරඟකරුවා	තරඟකරුවා	තරඟකරුවා	සතුරා	සතුරා
සිද්ධිය පිලිබඳව සැලවූ දෙමාපියන් යුහුසුලව තම දරුවන් පාසලෙන් රැගෙන ගොස් තිබේ.	යුහුසුලව	ඉක්මනින්	ඉක්මනින්	ඉක්මනින්	වහාම	වහාම	වහාම	නොපමාව	නොපමාව	විගසින්	විගසින්
Notifique a su Banco o institución financiera la pérdida o robo de sus tarjetas, chequeras o si sospecha que alguien está utilizando sus cuentas sin su permiso.	notifique	diga	diga	diga	diga	diga	avise	avise	avise	avise	informe	informe	informe	comunique	comunique	comunique	avisa	alerten	comuniquen	expliquen	indique
Una falta de liquidez ocasiona problemas que pueden amenazar la permanencia del negocio en el mercado; problemas como: detención de pago de sueldos, falta de inventario, restricción de crédito de proveedores, falta de capital de trabajo, entre otros.	sueldos 	salarios	salarios	salarios	salarios	salarios	salarios	salarios	salarios	dinero	dinero	sueldo	nónimas	salario	pagas	mensualidades	pagos
Una falta de liquidez ocasiona problemas que pueden amenazar la permanencia del negocio en el mercado; problemas como: detención de pago de sueldos, falta de inventario, restricción de crédito de proveedores, falta de capital de trabajo, entre otros.	amenazar 	afectar	afectar	afectar	poner en peligro	poner en peligro	poner en peligro	amenazar	amenazar	peligrar	peligrar	desafiar	comprometer	dar problemas	provocar	poner en riesgo
Una falta de liquidez ocasiona problemas que pueden amenazar la permanencia del negocio en el mercado; problemas como: detención de pago de sueldos, falta de inventario, restricción de crédito de proveedores, falta de capital de trabajo, entre otros.	ocasiona 	produce	produce	produce	produce	produce	genera	genera	genera	genera	genera	causa	causa	causa	causa	causa	crea	crea	crea	provoca	provoca	provoca	da	resulta en	lleva a	le sigue
Cuando se visita a los norteamericanos y se estudian sus leyes, se ve que la autoridad que han dado a los legistas y la influencia que les han dejado tener en el gobierno, forman hoy la más poderosa barrera contra los desvíos de la democracia.	norteamericanos 	estadounidenses	estadounidenses	estadounidenses	estadounidenses	estadounidenses	americanos	americanos	americanos	norteamericanos	norteamericanos	estadunidenses	nortamericanos	gringos	yanquis
Cuando se visita a los norteamericanos y se estudian sus leyes, se ve que la autoridad que han dado a los legistas y la influencia que les han dejado tener en el gobierno, forman hoy la más poderosa barrera contra los desvíos de la democracia.	desvíos 	problemas	problemas	problemas	errores	errores	desvíos	desvíos	alejamientos	abandono	desviaciones	dificultades	malos usos	incumplimientos	alteraciones	irregularidades	caminos	difurcación	valores
Cuando se visita a los norteamericanos y se estudian sus leyes, se ve que la autoridad que han dado a los legistas y la influencia que les han dejado tener en el gobierno, forman hoy la más poderosa barrera contra los desvíos de la democracia.	legistas 	abogados	abogados	abogados	juristas	juristas	juristas	legisladores	legisladores	expertos en leyes	organizadores	gobernadores	letrados	personas de leyes	abogados y jueces	expertos	legistas
Dicha prosperidad o seguridad está estrechamente vinculada al trabajo, porque no existe aquélla sin el trabajo intenso, para el cual realmente no hay sustituto.	sustituto 	reemplazo	reemplazo	reemplazo	opción	opción	sustituto	sustituto	alternativa	alternativa	recambio	suplente	remplazo	otra persona	nadie más	solución	cambio	relevo
Dicha prosperidad o seguridad está estrechamente vinculada al trabajo, porque no existe aquélla sin el trabajo intenso, para el cual realmente no hay sustituto.	vinculada 	relacionada	relacionada	relacionada	relacionada	relacionada	relacionada	relacionada	unida	unida	unida	unida	unida	ligada	ligada	ligada	ligada	conectada	conectada	conectada	asociada	asociada	asociada	vinculada	atada
Dicha prosperidad o seguridad está estrechamente vinculada al trabajo, porque no existe aquélla sin el trabajo intenso, para el cual realmente no hay sustituto.	dicha 	esta	esta	esta	esta	esta	esta	esa	esa	esa	esa	esa	la	la	la	la mencionada	la mencionada	tal	tal	la nombrada	aquella	dicha
El único estado que no exige el seguro de responsabilidad exige a los automovilistas que demuestren que tienen fondos suficientes para cubrir los gastos si tienen la culpa en el incidente.	fondos 	dinero	dinero	dinero	dinero	dinero	dinero	dinero	recursos	recursos	recursos	reservas	reservas	ingresos	ingresos	dineros	bienes	medios	fondos	finanzas	capacidad	posibilidad	solvencia	plata
El único estado que no exige el seguro de responsabilidad exige a los automovilistas que demuestren que tienen fondos suficientes para cubrir los gastos si tienen la culpa en el incidente.	exige 	pide	pide	pide	pide	pide	pide	pide	pide	pide	demanda	demanda	demanda	demanda	requiere	requiere	requiere	reclama	reclama	obliga	solicita	precisa
El único estado que no exige el seguro de responsabilidad exige a los automovilistas que demuestren que tienen fondos suficientes para cubrir los gastos si tienen la culpa en el incidente.	demuestren 	muestren	muestren	muestren	muestren	muestren	muestren	muestren	prueben	prueben	prueben	prueben	prueben	prueben	enseñen	enseñen	justifiquen	justifiquen	indiquen	verifiquen	expresen	expliquen	manifiesten
Las comunidades dependen de la producción de bienes y servicios producidos para mover la economía lo más equilibradamente posible.	producidos 	hechos	hechos	hechos	hechos	hechos	generados	generados	generados	elaborados	elaborados	creados	creados	producidos	usados	fabricados	realizados
Las comunidades dependen de la producción de bienes y servicios producidos para mover la economía lo más equilibradamente posible.	comunidades 	comunidades	comunidades	comunidades	personas	personas	asociaciones	asociaciones	sociedades	sociedades	poblaciones	poblaciones	poblaciónes	pueblos	regiones	agrupaciones
Las comunidades dependen de la producción de bienes y servicios producidos para mover la economía lo más equilibradamente posible.	equilibradamente 	balanceadamente	balanceadamente	mesuradamente	igualado	sensato	de forma balanceada	equitativamente	de forma equilibrada	facilmente	suavemente	correctamente	perfectamente	uniformemente	niveladamente	llanamente	aplanadamente	ajustadamente	controladamente	igualitariamente	justamente
Los documentos debe archivarlos en fólderes o carpetas separados, identificando cada carpeta y organizándola en orden alfabético o por asuntos, en un archivador o caja de seguridad.	carpeta 	carpeta	carpeta	carpeta	carpeta	carpeta	carpeta	carpeta	carpeta	archivo	archivo	folder
Los documentos debe archivarlos en fólderes o carpetas separados, identificando cada carpeta y organizándola en orden alfabético o por asuntos, en un archivador o caja de seguridad.	archivarlo 	guardarlos	guardarlos	guardarlos	guardarlos	guardarlo	guardarlo	guardarlo	almacenarlos	almacenarlos	resguardarlos	reservarlo	preservarlo	copiarlo	guardarlo con orden	colocar con orden	tenerlos	almacenarlo	ordenarlo	colocados	almacenados	ordenados
Los documentos debe archivarlos en fólderes o carpetas separados, identificando cada carpeta y organizándola en orden alfabético o por asuntos, en un archivador o caja de seguridad.	archivador 	archivador	archivador	archivador	carpeta	carpeta	caja	cajón	clasificador	archivo	fichero	guardapapeles	dosier	depósito
Los seguros son una modalidad de gestión financiera que le ayudará a las personas a prevenir descalabros en sus ingresos y en su seguridad personal que en un momento dado son inevitables y que a cualquier persona pueden ocurrirle.	prevenir 	evitar	evitar	evitar	evitar	evitar	evitar	prever	anticipar	parar	escapar	salvarse de	impedir	prevenir	adelantar	intuir
Los seguros son una modalidad de gestión financiera que le ayudará a las personas a prevenir descalabros en sus ingresos y en su seguridad personal que en un momento dado son inevitables y que a cualquier persona pueden ocurrirle.	modalidad 	forma	forma	forma	forma	forma	manera	manera	manera	manera	tipo	tipo	tipo	modo	modo	modo	opción	sistema	vía	modalidad	clase
Los seguros son una modalidad de gestión financiera que le ayudará a las personas a prevenir descalabros en sus ingresos y en su seguridad personal que en un momento dado son inevitables y que a cualquier persona pueden ocurrirle.	descalabros 	problemas	problemas	problemas	problemas	daños	daños	daños	contratiempos	perdidas	perjuicios	despilfarro	sobre gastos	pérdidas	dificultades	grandes pérdidas	mucha reducción	desordenes	desajustes	altibajos	caidas	bajadas	desequilibros	líos	complicaciones
Notifique a su Banco o institución financiera la pérdida o robo de sus tarjetas, chequeras o si sospecha que alguien está utilizando sus cuentas sin su permiso.	utilizando 	usando	usando	usando	usando	usando	usando	usando	usando	usando	accediendo a	empleando	aprovechando	manipulando
Notifique a su Banco o institución financiera la pérdida o robo de sus tarjetas, chequeras o si sospecha que alguien está utilizando sus cuentas sin su permiso.	chequeras 	chequeras	chequeras	chequeras	chequeras	chequeras	chequeras	telonarios	talones	papel de cheques	cheques	talonario de cheques
Pueden estar colmados de desbarajustes y el bienestar de la familia puede estar en una terrible situación, pero ellos ya se acostumbraron a ella.	acostumbraron 	adaptaron	adaptaron	adaptaron	adaptaron	habituaron	habituaron	habituaron	habituaron	acostumbraron	acostumbraron	acomodaron	hicieron	normalizado	familiarizaron	amoldaron	ajustaron
Pueden estar colmados de desbarajustes y el bienestar de la familia puede estar en una terrible situación, pero ellos ya se acostumbraron a ella.	colmados 	llenos	llenos	llenos	llenos	llenos	llenos	llenos	llenos	repletos	repletos	repletos	completos	colmados	lleno
Pueden estar colmados de desbarajustes y el bienestar de la familia puede estar en una terrible situación, pero ellos ya se acostumbraron a ella.	desbarajustes 	problemas	problemas	problemas	problemas	desequilibrios	desequilibrios	caos	caos	desordenes	desordenes	desorden	líos	incorrecciones	chapuzas	enredos	desbarajustes	sucesos	inconvenientes	complicaciones
Y le va a presentar algunos retos personales pero no es ese escenario lúgubre que tal vez esperaría.	esperaría 	esperaría	esperaría	esperaría	esperaría	desearía	desearía	desearía	creería	quierería	pueda pensar	pueda creer	pueda imaginarse	imaginaria	pensaria	creeria
Y le va a presentar algunos retos personales pero no es ese escenario lúgubre que tal vez esperaría.	retos 	desafíos	desafíos	desafíos	desafíos	problemas	problemas	problemas	dificultades	dificultades	pruebas	pruebas	desafios	deasfíos	esfuerzos	objetivos
Y le va a presentar algunos retos personales pero no es ese escenario lúgubre que tal vez esperaría.	lúgubre 	oscuro	oscuro	oscuro	oscuro	oscuro	triste	triste	triste	triste	difícil	difícil	complicado	tenebroso	depresivo	complejo	mal	mala	desesperada	sombrío	lúgubre	desolador	siniestro	cutre
