ca_1	catalan	Els manifestants han denunciat que en els darrers anys "els successius governs d'aquí i d'allà han passat del menyspreu al desmantellament de l'escola pública, començant a Catalunya per la pròpia LEC" i han alertat que s'està "deteriorant greument la qualitat de l'educació pública i les condicions laborals dels treballadors".	successius 	0.45	diferents	diferents	diferents	successius	successius	contigus	differents	diversos	continus	consecutius	seguit	seguits	ultims	tots	tot el conjunt	succesius	anteriors	previs
ca_2	catalan	Els manifestants han denunciat que en els darrers anys "els successius governs d'aquí i d'allà han passat del menyspreu al desmantellament de l'escola pública, començant a Catalunya per la pròpia LEC" i han alertat que s'està "deteriorant greument la qualitat de l'educació pública i les condicions laborals dels treballadors".	deteriorant 	0.525	debilitant	debilitant	debilitant	danyant	danyant	danyant	deteriorant	deteriorant	deteriorant	minant	posar en mal estat	fent mal	espatllant	empobrint	afeblint	deformant: desarticulant	perjudicant	fent malbe	tornant pitjor	canviant malament
ca_3	catalan	Els manifestants han denunciat que en els darrers anys "els successius governs d'aquí i d'allà han passat del menyspreu al desmantellament de l'escola pública, començant a Catalunya per la pròpia LEC" i han alertat que s'està "deteriorant greument la qualitat de l'educació pública i les condicions laborals dels treballadors".	desmantellament 	0.625	destrucció	destrucció	destrucció	destrucció	abandono	abandono	eliminar	esborrar	excloure	tancament	desconstrucció.	desmuntatge	desfeta	desmantellament	desarmament	la eliminació	a desmunta	a desfer-se	destrossar	desmuntar	final	desfer	destrucció lenta i per parts
ca_4	catalan	Ribó ha apel·lat tota la jerarquia eclesiàstica a Catalunya, començant pel cardenal Omella, a "trobar la màxima interlocució i col·laboració pels casos que se'ns puguin presentar" i s'ha mostrat convençut que així serà, perquè li han donat "proves que hi estan disposats".	eclesiàstica 	0.425	religiosa	religiosa	religiosa	de la esglesia	de la esglesia	de l'església	de l'església	eclesiàstica	eclesiàstica	clergue	catolica	clerical	religios	esglesia	de l.esglesia	eclesiastica
ca_5	catalan	Ribó ha apel·lat tota la jerarquia eclesiàstica a Catalunya, començant pel cardenal Omella, a "trobar la màxima interlocució i col·laboració pels casos que se'ns puguin presentar" i s'ha mostrat convençut que així serà, perquè li han donat "proves que hi estan disposats".	jerarquia 	0.525	jerarquia	jerarquia	jerarquia	jerarquia	jerarquia	ordre	ordre	prelatura	dignataris	gobern	organizació	associació	direcció	conclau	clero	estructura	distribució	cadena de poder	governants	societat
ca_6	catalan	Ribó ha apel·lat tota la jerarquia eclesiàstica a Catalunya, començant pel cardenal Omella, a "trobar la màxima interlocució i col·laboració pels casos que se'ns puguin presentar" i s'ha mostrat convençut que així serà, perquè li han donat "proves que hi estan disposats".	interlocució 	0.65	diàleg	diàleg	diàleg	diàleg	diàleg	conversa	conversa	conversa	comunicació	comunicació	discussió	discussió	conversació	conversació	conversación	interacció	parlar	interlocució	xerrada	conferència	entesa	comprensió	el màxim diàleg	parlar entre ells	disposicio	intercanvi d'idees
ca_7	catalan	Segons afirmen, el text certifica una "profunda claudicació en defensa del sistema d'immersió", tot proposant una "versió pròpia" del TIL aplicat a les Illes Balears que "no recull la realitat sociolingüística del català com a llengua minoritzada".	minoritzada 	0.55	minoritaria	minoritaria	minoritaria	minoritària	minoritària	marginada	marginada	minoritzada	minoritzada	poc parlada	poc parlada	mínim	apartar	ignorada	disminuida	reduida	en retrocés	poc coneguda	secundaria	inferiorr	poc usada
ca_8	catalan	Segons afirmen, el text certifica una "profunda claudicació en defensa del sistema d'immersió", tot proposant una "versió pròpia" del TIL aplicat a les Illes Balears que "no recull la realitat sociolingüística del català com a llengua minoritzada".	claudicació 	0.6	renuncia	renuncia	renuncia	claudicació	claudicació	claudicació	rendició	rendició	justificació	renúncia	abandonadament	perdua	resignació	desestimació	cesió	claudicacio	reconéixement de la derrota
ca_9	catalan	Segons afirmen, el text certifica una "profunda claudicació en defensa del sistema d'immersió", tot proposant una "versió pròpia" del TIL aplicat a les Illes Balears que "no recull la realitat sociolingüística del català com a llengua minoritzada".	sociolingüística 	0.65	social	social	social	social	del llenguatge i la societat	sociolingüistica	d'us	multilingüe	envoltant	parlant	de la llengua	sociolingüística	del carrer	cultural	popular
ca_10	catalan	D'entre les escoles que inauguraran el curs amb obres destaquen l'escola Ignasi Iglesias que tot i intensificar-se en el període estival, són de gran envergadura i per tant, ja estaven planificades en aquesta línia.	planificades 	0.35	planificades	planificades	planificades	programades	programades	previstes	previstes	pensades	establertes	plantejades	aprovades	organizades	pautades	planejades	anificades	preparades	en el plà
ca_11	catalan	D'entre les escoles que inauguraran el curs amb obres destaquen l'escola Ignasi Iglesias que tot i intensificar-se en el període estival, són de gran envergadura i per tant, ja estaven planificades en aquesta línia.	estival 	0.475	d'estiu	d'estiu	d'estiu	d'estiu	d'estiu	d'estiu	estival	estival	estival	de vacances	de vacances	de vacances	vacacional	vacacional	destiu	destiu	estiu	vacances	estiueix	d.estiu	estiuenc	de vacances destiu
ca_12	catalan	D'entre les escoles que inauguraran el curs amb obres destaquen l'escola Ignasi Iglesias que tot i intensificar-se en el període estival, són de gran envergadura i per tant, ja estaven planificades en aquesta línia.	envergadura 	0.5	envergadura	envergadura	envergadura	tamany	tamany	dimensions	dimensions	mida	grans	abast	amplada	amplaria	dimensió	grandària	importància	qualitat	ambició	amplitud	magnitud	mesura
ca_13	catalan	El Ministeri d'Educació estudia si en l'aplicació del 155, a través del qual assumeix les competències del Departament d'Ensenyament, pot modificar les normes de preinscripció escolar i incloure, en l'imprès que omplen les famílies, una casella per a què els pares puguin triar el castellà com a llengua vehicular amb què volen escolaritzar els seus fills.	escolaritzar 	0.35	escolaritzar	escolaritzar	escolaritzar	escolaritzar	educar	educar	escolitzar	educar a l'escola	alfabetitzar	formar	preparar	ensenyar	ser ensenyats	ficar a l'escola	enseyar
ca_14	catalan	El Ministeri d'Educació estudia si en l'aplicació del 155, a través del qual assumeix les competències del Departament d'Ensenyament, pot modificar les normes de preinscripció escolar i incloure, en l'imprès que omplen les famílies, una casella per a què els pares puguin triar el castellà com a llengua vehicular amb què volen escolaritzar els seus fills.	imprès 	0.425	formulari	formulari	formulari	formulari	formulari	paper	paper	paper	imprès	imprès	imprès	document	document	fullet	enquesta	sol·licitud	full	documents	impres	informe
ca_15	catalan	El Ministeri d'Educació estudia si en l'aplicació del 155, a través del qual assumeix les competències del Departament d'Ensenyament, pot modificar les normes de preinscripció escolar i incloure, en l'imprès que omplen les famílies, una casella per a què els pares puguin triar el castellà com a llengua vehicular amb què volen escolaritzar els seus fills.	vehicular 	0.625	vehicular	vehicular	vehicular	vehicular	principal	principal	principal	principal	de comunicació	fonamental	essencial	habitual	preferent	llengua d'ensenyament	d'ensenyament	d'ús	com la llengua en què...	materna	per comunicar-se	d'ús legal	d'ús oficial
ca_16	catalan	El professorat no ha de ser de transmissor d'informació, sinó que ha d'inculcar el pensament crític i el pensament estratègic per combinar diferents informacions, entendre altres disciplines i distingir l'important de lefímer, ha demanat.	transmissor 	0.425	comunicador	comunicador	transmissor	transmissor	qui transmet	comunique	done a conèixer	portador	simple portador	conductor	nucli passiu	divulgadores	missatges	anunciador	donar	el que transmet	repetidor	repartidor	persona que porta
ca_17	catalan	El professorat no ha de ser de transmissor d'informació, sinó que ha d'inculcar el pensament crític i el pensament estratègic per combinar diferents informacions, entendre altres disciplines i distingir l'important de lefímer, ha demanat.	inculcar 	0.525	ensenyar	ensenyar	ensenyar	ensenyar	transmetre	transmetre	inculcar	inculcar	transmès	educar	instruir	fer passar	impulsar	introduir	motivar	orientar	formar	dictar	introduit	presentar
ca_18	catalan	El professorat no ha de ser de transmissor d'informació, sinó que ha d'inculcar el pensament crític i el pensament estratègic per combinar diferents informacions, entendre altres disciplines i distingir l'important de l’efímer, ha demanat.	efímer 	0.7	breu	breu	breu	breu	temporal	temporal	temporal	curt	curt	pasager	transintori	globalitat	conjunt	efímer	momentari	del secundari	del fútil	poc important	del que no ho és	poca cosa	efimer	que dura poc temps	que rápid acaba
ca_19	catalan	I mentrestant, docents i direccions de centres ofegats en un oceà de burocràcia inútil que no para de créixer, ha afegit la Intersindical.	inútil 	0.175	inútil	inútil	inútil	inútil	innecessària	innecessària	nula	nula	improductiva	fútil	ineficaç	inefficient	esteril	incompetent	sobrant	no útil	inutil	que no cal	no necessària
ca_20	catalan	I mentrestant, docents i direccions de centres ofegats en un oceà de burocràcia inútil que no para de créixer, ha afegit la Intersindical.	oceà 	0.325	mar	mar	mar	mar	mar	mar	mar	mar	excès	muntó	espai	immés	tasca	inmensitat	oceà	gran quantitat	multitud
ca_21	catalan	I mentrestant, docents i direccions de centres ofegats en un oceà de burocràcia inútil que no para de créixer, ha afegit la Intersindical.	burocràcia 	0.425	paperassa	paperassa	paperassa	paperassa	paperassa	paperassa	administració	administració	administració	papers	papers	papers	documents	documents	documents	gestions	gestions	tràmits	tràmits	burocràcia	burocràcia	regulació	paperasa	feina d'oficina
ca_22	catalan	Per això, el Síndic recomana a Ensenyament elaborar un decàleg amb instruccions sobre el tractament de la situació política i materials didàctics per poder abordar temes controvertits a les aules, per garantir els drets de tots els infants.	didàctics 	0.475	d'ensenyament	d'ensenyament	d'ensenyament	educatius	educatius	educatius	didàctics	didàctics	educatiu	escolar	d'estudi	pedagògics	formatius	ensenyament	culturals	pedagogic	didactics	per aprendre
ca_23	catalan	Per això, el Síndic recomana a Ensenyament elaborar un decàleg amb instruccions sobre el tractament de la situació política i materials didàctics per poder abordar temes controvertits a les aules, per garantir els drets de tots els infants.	controvertits 	0.6	conflictius	conflictius	conflictius	polèmics	polèmics	polèmics	discutits	diffícils	complèxos	sensibles	polémics	qüestionables	poémics	controvertits	dificils	on no tothom pensa igual	difícils per arribar a accords
ca_24	catalan	Per això, el Síndic recomana a Ensenyament elaborar un decàleg amb instruccions sobre el tractament de la situació política i materials didàctics per poder abordar temes controvertits a les aules, per garantir els drets de tots els infants.	decàleg 	0.65	llista	llista	llista	document	document	normes	normes	llistat	llistat	guia	propostes	normatives	estatut	lleis	taules	decàleg	conjunt	dossier	protocol	normativa	un pla	tutorial	revista	informe
ca_25	catalan	També estableix el sistema de qualificacions, que serà la mitjana de les qualificacions numèriques obtingudes a cadascuna de les matèries cursades a la ESO expressada en una escala de l1 al 10 amb dos decimals, i arrodonida a la centèsima.	numèriques 	0.3	numèriques	numèriques	numèriques	numèriques	expressat amb nombres	numériques	valorades	obtingudes	resultats	fetes	en nombres	numeriques	en números
ca_26	catalan	També estableix el sistema de qualificacions, que serà la mitjana de les qualificacions numèriques obtingudes a cadascuna de les matèries cursades a la ESO expressada en una escala de l1 al 10 amb dos decimals, i arrodonida a la centèsima.	arrodonida 	0.375	arrodonida	arrodonida	arrodonida	arrodonida	arrodonida	arrodonida	arrodonida	aproximat	aproximat	aproximada	sencer	completat	acostat	sense comes	completada
ca_27	catalan	També estableix el sistema de qualificacions, que serà la mitjana de les qualificacions numèriques obtingudes a cadascuna de les matèries cursades a la ESO expressada en una escala de l1 al 10 amb dos decimals, i arrodonida a la centèsima.	decimals 	0.4	decimals	decimals	decimals	decimals	decimals	decimals	decimals	dígits	fraccionat	xifres	números	zeros després de la coma	números menys que 1
ca_28	catalan	Una altra de les mesures que apareix al decàleg és introduir l'educació multicultural i antiracista dins del currículum.	antiracista 	0.425	antiracista	antiracista	antiracista	antiracista	antiracista	no racista	no racista	oposta al racisme	igualitària racial	humana	social	tolerant
ca_29	catalan	Una altra de les mesures que apareix al decàleg és introduir l'educació multicultural i antiracista dins del currículum.	multicultural 	0.45	multicultural	multicultural	multicultural	multicultural	multicultural	multicultural	global	global	moltes cultures	diversa	d'altres cultures	universal	pluricultural	del mon	total	oberta
ca_30	catalan	Una altra de les mesures que apareix al decàleg és introduir l'educació multicultural i antiracista dins del currículum.	decàleg 	0.625	informe	informe	informe	document	document	normes	normes	llista	llista	llistat	llistat	guia	pautes	regles	estatut	acords	text	decàleg	catàleg	cànon	a la llista	acord	normativa	revsita
en_1	english	(If your robot has an external ROM chip, then that is the one that is pulled and replaced.	external	0.05	outer	outer	outer	outer	outside	outside	exterior	exterior	outter	external
en_2	english	(If your robot has an external ROM chip, then that is the one that is pulled and replaced.	pulled	0.075	removed	removed	removed	removed	extracted	extracted	extracted	taken	dragged
en_3	english	(If your robot has an external ROM chip, then that is the one that is pulled and replaced.	robot	0.1	machine	machine	machine	machine	machine	machine	device	automaton
en_4	english	A bank holiday was declared in October, 1857 and Secretary of the Treasury Howell Cobb recommended the government selling revenue bonds and reducing the tariff (Tariff of 1857).	bank	0.05	bank	bank	bank	bank	public	national
en_5	english	A bank holiday was declared in October, 1857 and Secretary of the Treasury Howell Cobb recommended the government selling revenue bonds and reducing the tariff (Tariff of 1857).	recommended	0.1	suggested	suggested	suggested	suggested	advised	advised	advised	advised	proposed	advocated
en_6	english	A bank holiday was declared in October, 1857 and Secretary of the Treasury Howell Cobb recommended the government selling revenue bonds and reducing the tariff (Tariff of 1857).	declared	0.05	announced	announced	announced	announced	proclaimed	proclaimed	stated	professed	made	introduce	declared
en_7	english	A continue statement will skip the remainder of the block and start at the controlling conditional statement again.	remainder	0.1	rest	rest	rest	rest	rest	restrictive	remaining	remainder	balance
en_8	english	A continue statement will skip the remainder of the block and start at the controlling conditional statement again.	controlling	0.175	managing	managing	managing	managing	regulating	leading	governing	directing	controlling
en_9	english	A continue statement will skip the remainder of the block and start at the controlling conditional statement again.	conditional	0.175	conditional	conditional	restrictive	provisional	dependent	dependant	contingent
en_10	english	A good introduction tells the student what will be covered, how it relates to what has gone before, and any specific prerequisite knowledge.	gone	0.075	passed	passed	passed	happened	happened	happened	transpired	occurred	come
en_11	english	A good introduction tells the student what will be covered, how it relates to what has gone before, and any specific prerequisite knowledge.	prerequisite	0.4	required	required	prior	prior	precondition	precondition	requirement	previous	prerequisite	necessary	essential
en_12	english	A good introduction tells the student what will be covered, how it relates to what has gone before, and any specific prerequisite knowledge.	relates	0.075	links	links	links	connects	connects	connects	relates	relates	linked	depends
en_13	english	A more modern hardware character generator can be build around one of these small micro controllers (e.g.	micro	0.2272727272727272	tiny	tiny	tiny	tiny	tiny	small	small	small	small	miniature	mini
en_14	english	A more modern hardware character generator can be build around one of these small micro controllers (e.g.	controllers	0.1818181818181818	regulators	regulator	managers	handler	gadgets	devices	controllers
en_15	english	A more modern hardware character generator can be build around one of these small micro controllers (e.g.	hardware	0.1818181818181818	equipment	equipment	equipment	equipment	equipment	equipment	device	device	gear	gadget	engine	devices	apparatus
en_16	english	A pickup is a magnet wrapped in a coil of wire.	wrapped	0.025	covered	covered	covered	enveloped	enveloped	enclosed	enclosed	surrounded	protected	inside
en_17	english	A pickup is a magnet wrapped in a coil of wire.	coil	0.15	loop	loop	loop	spiral	spiral	coil	coil	twist	spool	layer
en_18	english	A pickup is a magnet wrapped in a coil of wire.	pickup	0.475	pickup	pickup	pickup	pickup	pickup	pickup	pickup	pickup	sensor	detector
en_19	english	A positively or neutrally charged reagent that forms bonds by accepting electrons from a nucleophile.	reagent	0.6818181818181818	substance	substance	reactant	indicator	chemical
en_20	english	A positively or neutrally charged reagent that forms bonds by accepting electrons from a nucleophile.	electrons	0.2727272727272727	electrons	electrons	current	atoms
en_21	english	A positively or neutrally charged reagent that forms bonds by accepting electrons from a nucleophile.	neutrally	0.2272727272727272	uncharged	uncharged	unbiased	neutrally	fair
en_22	english	A smaller number of persons  undertake such a challenge and then discover that calculus is beautiful in and of itself.	beautiful	0.05	lovely	lovely	attractive	attractive	wonderful	pretty	great	fascinating	exciting	delightful	charming	beautiful	amazing
en_23	english	A smaller number of persons  undertake such a challenge and then discover that calculus is beautiful in and of itself.	undertake	0.225	commence	commence	commence	accept	accept	undertake	undergo	start	embark	attempt
en_24	english	A smaller number of persons  undertake such a challenge and then discover that calculus is beautiful in and of itself.	discover	0.1	find	find	find	find	uncover	uncover	uncover	realise	realise	learn	discover
en_25	english	A third was apparently eliminated by an erstwhile Death Eater identified only as R.A.B., but this turns out in the seventh book to not have happened.	seventh	0.0227272727272727	seventh	later	heptad
en_26	english	A third was apparently eliminated by an erstwhile Death Eater identified only as R.A.B., but this turns out in the seventh book to not have happened.	eliminated	0.3181818181818182	removed	removed	removed	removed	deleted	deleted	deleted	excluded	eradicated	discarded	cancelled
en_27	english	A third was apparently eliminated by an erstwhile Death Eater identified only as R.A.B., but this turns out in the seventh book to not have happened.	erstwhile	0.9318181818181818	former	former	former	former	former	previous	previous	previous	previous	past	old	late	earlier
en_28	english	A vector is a quantity which expresses both magnitude and direction.	magnitude	0.175	size	size	size	size	size	size	magnitude	extent
en_29	english	A vector is a quantity which expresses both magnitude and direction.	quantity	0.075	quantity	quantity	amount	amount	variable	number	measurement	measure
en_30	english	A vector is a quantity which expresses both magnitude and direction.	vector	0.25	vector	vector	vector	vector	vector	pointer	arrow
fil_0	filipino	"Akin na 'yan!" biglang agaw ni Karlo sa laruan ni Lara.	agaw	0.075	agaw	agaw	agaw	agaw	agaw	kuha	kuha	kuha	kinuwa	nakaw
fil_1	filipino	Isang agila ang kinaibigan ni Nanay.	agila	0.125	agila	agila	agila	agila	agila	agila	agila	agila	agila	lawin
fil_2	filipino	Sa takot na matangay ng agos ang anak ay agad-agad niya itong tinulungan.	agos	0.15	agos	agos	agos	agos	agos	daloy	daloy	daloy	daloy	daloy
fil_3	filipino	Ang grupo pala ng malaking si Enteng, akay ang mga balyan at sa saliw ng musika ay sumasayaw-sayaw.	akay	0.25	akay	akay	akay	akay	dala	dala	dala	dala	hawak	sama-sama
fil_4	filipino	At ang sigaw ng ale sa malaking bahay ay "Aaaaaeeeeeiiiii!"	ale	0.15	ale	ale	ale	ale	ale	babae	babae	ate	mama	tindera
fil_5	filipino	"Sino't alin sa dalawa ang inyong magiging asawa?" Sumagot na kapagkuwan si Don Pedrong tampalasan.	alin	0.05	alin	alin	alin	alin	alin	alin	alin	ano man	o	saan
fil_6	filipino	Pagkauwi ko noong isang araw ay binuksan ko na ang alkansiya ko.	alkansiya	0.375	alkansiya	alkansiya	alkansiya	alkansiya	alkansiya	alkansya	alkansya	alkansya	alkansiya	kabang-yaman
fil_7	filipino	Ipinapatawag siya ni Mama at pumupunta siya sa amin kapag may sakit ako.	amin	0.025	amin	amin	amin	amin	amin	amin	amin	amin	amin	tayo
fil_8	filipino	Karga-karga nga raw ako ni Nanay nang ihatid siya sa airport ng buong angkan namin.	angkan	0.275	pamilya	pamilya	pamilya	pamilya	pamilya	angkan	angkan	angkan	lahi	lahi
fil_9	filipino	Anuman ang mangyari at anuman ang marinig mo, huwag kang didilat at huwag kang lilingon.	anuman	0.25	anuman	anuman	anuman	anuman	anuman	anuman	anuman	anuman	ano	kahit ano
fil_10	filipino	At pagdating ng gabi, isinilid pa niya ako sa aparador ng mga pinaglumaang sapatos.	aparador	0.325	kabinet	kabinet	kabinet	kabinet	kabinet	kabinet	aparador	aparador	aparador	lagayan
fil_11	filipino	Di nalao'y natutuhan ang sa armas ay pagtangan.	armas	0.25	armas	armas	armas	armas	armas	armas	armas	armas	baril	sandata
fil_12	filipino	Ihatid mo ako sa kabila at kukunin ko ang aking atay sa aming bahay.	atay	0.1	atay	atay	atay	atay	atay	atay	atay	atay	atay	karne
fil_13	filipino	Kapag nahihirapan ako, nariyan palagi sina ate at kuya upang ako'y alalayan.	ate	0.025	ate	ate	ate	ate	ate	ate	ate	ate	ate	ate
fil_14	filipino	Wala namang hurricane dito sa atin at wala namang nasalanta ngayon ng bagyo, lindol, o anuman.	atin	0.025	atin	atin	atin	atin	atin	atin	atin	atin	atin	amen
fil_15	filipino	"Kasi hindi ka naligo kagabi, ayan tuloy," sabi niya.	ayan	0.05	ayan	ayan	ayan	ayan	ayan	ayan	ayan	ayan	ayan	eto
fil_16	filipino	Pero ayaw pumayag ni Monang.	ayaw	0.025	ayaw	ayaw	ayaw	ayaw	ayaw	ayaw	ayaw	ayaw	ayaw	ayoko
fil_17	filipino	Nalimot ni Tuan Putli ang babala ng asawa.	babala	0.225	babala	babala	babala	babala	babala	paalala	paalala	pabala	paunawa	sinabi
fil_18	filipino	Kaya nang bahagya siyang kumilos, natibag ang kanyang tinutungtungan.	bahagya	0.475	dahan-dahan	dahan-dahan	dahan-dahan	kaunti	kaunti	kaunti	bahagya	bahagya	bigla	dahan
fil_19	filipino	Kapag ganitong bakasyon ay sinasamantala ni Arturo ang pagkakataon.	bakasyon	0.2	bakasyon	bakasyon	bakasyon	bakasyon	bakasyon	bakasyon	bakasyon	bakasyon	pahinga	pahinga
fil_20	filipino	Ang tubig sa balon ay lumalim nang dahan-dahan.	balon	0.15	balon	balon	balon	balon	balon	balon	balon	balon	bukal	poso
fil_21	filipino	Inilabas sa mga baul ang bandera ng Filipinas, at muli itong iwinagayway, katabi ang bandera ng Amerika.	bandera	0.3	watawat	watawat	watawat	watawat	watawat	bandera	bandera	bandera	bandila	bandila
fil_22	filipino	Nilibot niya ang buong lupain at nakita ang maraming bangkay sa paligid.	bangkay	0.325	patay	patay	patay	patay	patay	patay	patay	bangkay	bangkay	labi
fil_23	filipino	Nasa ibang bansa nagtatrabaho ang kaniyang ama, kaya lahat ng uri ng laruan ay mayroon siya.	bansa	0.075	bansa	bansa	bansa	bansa	bansa	bansa	bansa	bansa	lugar	nasyon
fil_24	filipino	May mga dalang baril ang mga bandido.	baril	0.05	baril	baril	baril	baril	baril	baril	baril	baril	baril	armas
fil_25	filipino	Mag-iisip kayo ng codename na bawal ipagkalat.	bawal	0.025	bawal	bawal	bawal	bawal	bawal	bawal	bawal	bawal	bawal	hindi pwede
fil_26	filipino	Ang bayong ni Nanay ay malaki at makulay.	bayong	0.175	bayong	bayong	bayong	bayong	basket	basket	lalagyan	lalagyan	sisidlan	supot
fil_27	filipino	Pitong munting kahel sa bibig ng aso.	bibig	0.025	bibig	bibig	bibig	bibig	bibig	bibig	labi	labi	bunganga	nguso
fil_28	filipino	Magrarampahan naman ang mga pantalon palda blusa at medyas.	blusa	0.325	blusa	blusa	blusa	blusa	blusa	blusa	blusa	damit	damit	bulsa
fil_29	filipino	Bakit ko nasabing bruha si Mrs.	bruha	0.25	bruha	bruha	bruha	bruha	bruha	bruha	bruha	mangkukulam	mangkukulam	mangkukulam
fr_1	french	Cette gratuité n'est que partielle puisque une partie des impôts fonciers payés par les propriétaires est consacrée à l'entretien des réseaux de distribution.	entretien	0.675	réparation	réparation	maintien	maintien	nettoyage	nettoyage	gestion	gestion	entretien	entretien	tenue	restauration	réfection	revue	maintenance	soins
fr_2	french	Cette gratuité n'est que partielle puisque une partie des impôts fonciers payés par les propriétaires est consacrée à l'entretien des réseaux de distribution.	consacrée	0.65	réservée	réservée	réservée	réservée	réservée	réservée	dédiée	dédiée	dédiée	affectée	affectée	donnée	donnée	faite	vouée	appliquée	dirigée	allouée	prévue	prévu	utilisée	destinée
fr_3	french	Ces récepteurs envoient des messages au cerveau qui traite les informations, puis le cerveau les stocke et crée nos souvenirs.	stocke	0.35	garde	garde	garde	garde	garde	garde	garde	conserve	conserve	conserve	conserve	conserve	conserve	enregistre	enregistre	emmagasine	emmagasine	range	range	stocke	stocke	accumule	préserve	mémorise
fr_4	french	Ces récepteurs envoient des messages au cerveau qui traite les informations, puis le cerveau les stocke et crée nos souvenirs.	traite	0.375	traite	traite	traite	traite	analyse	analyse	analyse	étudie	étudie	gère	soccupe	envisage	lit	comprend	interprète	examine	menteur
fr_5	french	Ces récepteurs envoient des messages au cerveau qui traite les informations, puis le cerveau les stocke et crée nos souvenirs.	récepteurs	0.325	récepteurs	récepteurs	récepteurs	récepteurs	récepteurs	récepteurs	récepteurs	récepteurs	récepteurs	récepteurs	destinataires	destinataires	receveurs
fr_6	french	Une enseigne prospère qu'il a bâtie de ses mains, en partant de rien.	prospère	0.4	florissante	florissante	florissante	florissante	prospère	prospère	prospère	prospère	fructueuse	favorisée	riches	lucrative	connue	riche	fortunée	propice	florissant	resplendissant	actif
fr_7	french	Une enseigne prospère qu'il a bâtie de ses mains, en partant de rien.	bâtie	0.75	construite	construite	construite	construite	construite	construite	créé	créé	faite	faite	créée	créée	fondée	fondée	bâtie	bâtie	construit	fondé	élevée	montée	crée	édifiée	érigée	fait	formée	conçue	produite
fr_8	french	Une enseigne prospère qu'il a bâtie de ses mains, en partant de rien.	partant	0.525	partant	partant	partant	partant	partant	partant	démarrant	démarrant	démarrant	démarrant	commençant	commençant	ayant	débutant
fr_9	french	Ainsi, le Gulf Stream, ce courant qui garantit la douceur du climat de l'Europe occidentale, pourrait être déplacé, ce qui, paradoxalement, entraînerait un refroidissement de l'Europe de l'Ouest.	courant	0.475	courant	courant	courant	courant	changement	changement	flux	passage	eau	flot	vague
fr_10	french	Ainsi, le Gulf Stream, ce courant qui garantit la douceur du climat de l'Europe occidentale, pourrait être déplacé, ce qui, paradoxalement, entraînerait un refroidissement de l'Europe de l'Ouest.	entraînerait	0.625	causerait	causerait	causerait	causerait	causerait	apporterait	apporterait	provoquerait	déclanchera	causera	conduira	concluerait	aboutirait	finirait	amènerait	proposerait	induirait	créerait	engendrerait	déclencherait
fr_11	french	Ainsi, le Gulf Stream, ce courant qui garantit la douceur du climat de l'Europe occidentale, pourrait être déplacé, ce qui, paradoxalement, entraînerait un refroidissement de l'Europe de l'Ouest.	garantit	0.075	assure	assure	assure	assure	assure	certifie	certifie	permet	permet	garde	garde	promet	confirme	protège	assurer	maintient	sécurise	couvre
fr_12	french	Demander le droit de vote aux élections locales, ce n'est pas réclamer un privilège, c'est montrer que l'on souhaite participer davantage à la vie de la cité.	cité	0.275	ville	ville	ville	ville	ville	ville	état	état	pays	pays	société	société	cité	cité	circonscription	communauté	village	agglomération	localité	quartier	zone
fr_13	french	Demander le droit de vote aux élections locales, ce n'est pas réclamer un privilège, c'est montrer que l'on souhaite participer davantage à la vie de la cité.	davantage	0.525	plus	plus	plus	plus	plus	plus	plus	plus	plus	plus	davantage	davantage	encore
fr_14	french	Demander le droit de vote aux élections locales, ce n'est pas réclamer un privilège, c'est montrer que l'on souhaite participer davantage à la vie de la cité.	réclamer	0.4	demander	demander	demander	demander	demander	demander	demander	demander	demander	exiger	exiger	exiger	exiger	revendiquer	revendiquer	revendiquer	solliciter	solliciter	réclamer	réclamer	vouloir	quémandant
fr_15	french	Pour chaque site, une courte notice explique ce qu'il est, qui sont ses responsables, quel courant ou tendance il représente, et renvoie à une fiche plus complète sur notre site.	notice	0.1	guide	guide	guide	explication	explication	explication	note	note	note	description	description	résumé	résumé	manuel	billet	texte	article	présentation	avis
fr_16	french	Pour chaque site, une courte notice explique ce qu'il est, qui sont ses responsables, quel courant ou tendance il représente, et renvoie à une fiche plus complète sur notre site.	responsables	0.075	gérants	gérants	représentants	représentants	responsables	auxilliaires	garants	créateurs	mandataires	cadres	directeurs	dirigeants
fr_17	french	Pour chaque site, une courte notice explique ce qu'il est, qui sont ses responsables, quel courant ou tendance il représente, et renvoie à une fiche plus complète sur notre site.	tendance	0.35	mouvement	mouvement	mouvement	orientation	orientation	penchant	penchant	tendance	tendance	mode	majorité	courant
fr_18	french	En revanche, ie suis orgueilleux de mes origines irlandaises, une sorte de tradition familiale qu'on a établi en deux générations mon père et moi.	orgueilleux	0.75	fier	fier	fier	fier	fier	fier	fier	fier	fier	arrogant	arrogant	prétentieux	prétentieux	orgueilleux	orgueilleux	chauvin	crâneur	honoré
fr_19	french	En revanche, ie suis orgueilleux de mes origines irlandaises, une sorte de tradition familiale qu'on a établi en deux générations mon père et moi.	établi	0.35	créé	créé	créé	créé	créé	créé	instauré	instauré	instauré	fondé	fondé	installé	installé	construit	construit	établi	établi	fixé	réalisé	fait
fr_20	french	En revanche, ie suis orgueilleux de mes origines irlandaises, une sorte de tradition familiale qu'on a établi en deux générations mon père et moi.	sorte	0.25	type	type	type	type	type	type	genre	genre	genre	genre	genre	espèce	espèce	espèce	espèce	sorte	sorte	sorte	forme
fr_21	french	Je reste à votre disposition pour tout renseignement complémentaire.	disposition	0.225	service	service	service	disposition	disposition	disposition	libre	disponible	écoute	usage	portée	besoins	disponibilité
fr_22	french	Je reste à votre disposition pour tout renseignement complémentaire.	renseignement	0.5	information	information	information	information	information	information	information	information	question	question	question	indication	indication	explication	explication	informations	donnée	demande	éclaircissement	document	détail	indications	précisions	précision
fr_23	french	Je reste à votre disposition pour tout renseignement complémentaire.	complémentaire	0.1	supplémentaire	supplémentaire	supplémentaire	supplémentaire	supplémentaire	supplémentaire	supplémentaire	supplémentaire	additionnel	additionnel	additionnel	additionnel	additionnel	additionel	extra	complémentaire
fr_24	french	Depuis quelques années, la question du sexisme à l'école et de ses conséquences sur les enfants interroge les professionnels de l'éducation.	conséquences	0.1	effets	effets	effets	effets	effets	résultats	résultats	résultats	résultats	impacts	impacts	impacts	impacts	répercussions	répercussions	répercussions	conséquences	conséquences	conséquences	aboutissements	répercussion	fruits	suites	réactions	retombées
fr_25	french	Depuis quelques années, la question du sexisme à l'école et de ses conséquences sur les enfants interroge les professionnels de l'éducation.	interroge	0.3	questionne	questionne	questionne	questionne	questionne	questionne	questionne	questionne	questionne	interpelle	interpelle	interpelle	interpelle	interroge	interroge	sonde	taraude	demande
fr_26	french	Depuis quelques années, la question du sexisme à l'école et de ses conséquences sur les enfants interroge les professionnels de l'éducation.	question	0.0	sujet	sujet	sujet	sujet	sujet	sujet	sujet	problème	problème	problème	problème	problème	thème	thème	thème	problématique	problématique	question	question	matière	affaire	thématique	discussion
fr_27	french	Vers 1866, apparaît le pneumatique.	pneumatique	0.55	pneumatique	pneumatique	pneumatique	pneumatique	pneumatique	pneumatique	pneu	pneu	pneu	pneu	pneu	gonflable	gonflable	caoutchouc	gomme
fr_28	french	La profession de coach de vie est en plein essor et s'impose dans tous les domaines de la vie.	essor	0.8	croissance	croissance	croissance	croissance	croissance	expansion	expansion	expansion	développement	développement	développement	augmentation	augmentation	augmentation	progrès	progrès	envol	envol	popularité	progression	élan	boom
fr_29	french	La profession de coach de vie est en plein essor et s'impose dans tous les domaines de la vie.	coach	0.1	coach	coach	coach	coach	coach	mentor	mentor	mentor	entraîneur	entraîneur	guide	guide	entraineur	entraineur	enseignant	accompagnateur
fr_30	french	La profession de coach de vie est en plein essor et s'impose dans tous les domaines de la vie.	impose	0.15	impose	impose	impose	domine	domine	perce	perce	installe	simplante	accroît	réussi	développe	amplifie	prime	réussit
de_1	german	Das Grausen überwältigte alle seine Sinne, er stürzte verworren aus dem Zimmer durch die öden widerhallenden Gemächer und Säulengänge hinab.	Grausen	0.6	Angst	Angst	Angst	Angst	Angst	Angst	Angst	Angst	Angst	Furcht	Furcht	Furcht	Furcht	Furcht	Furcht	Schreck	Schreck	Panik	Panik	Gruseln	Grauen	Entsetzen
de_2	german	Das Grausen überwältigte alle seine Sinne, er stürzte verworren aus dem Zimmer durch die öden widerhallenden Gemächer und Säulengänge hinab.	verworren	0.55	verwirrt	verwirrt	verwirrt	verwirrt	verwirrt	durcheinander	durcheinander	durcheinander	planlos	planlos	panisch	panisch	benommen	benommen	wirr	kopflos	konfus	irritiert
de_3	german	Das Grausen überwältigte alle seine Sinne, er stürzte verworren aus dem Zimmer durch die öden widerhallenden Gemächer und Säulengänge hinab.	überwältigen	0.325	ergreifen	ergreifen	ergreifen	übermannen	übermannen	erfassen	erfassen	bezwingen	bezwingen	übertönen	überrollen	überfallen	treffen	durchdringen	beherrschen
de_4	german	Es kommt nach allen heftigen Gemütsbewegungen, die unser ganzes Wesen durchschüttern, eine stillklare Heiterkeit über die Seele, gleich wie die Felder nach einem Gewitter frischer grünen und aufatmen.	Gemütsbewegung	0.65	Gefühl	Gefühl	Gefühl	Gefühl	Gefühl	Gefühl	Emotion	Emotion	Emotion	Emotion	Emotion	Emotion	Empfindung	Empfindung	Stimmungsschwankung	Stimmung	Gefühlsausbruch	Empfindungen	Emotionsausbrüchen
de_5	german	Es kommt nach allen heftigen Gemütsbewegungen, die unser ganzes Wesen durchschüttern, eine stillklare Heiterkeit über die Seele, gleich wie die Felder nach einem Gewitter frischer grünen und aufatmen.	durchschüttern	0.65	erschüttern	erschüttern	erschüttern	erschüttern	durchdringen	durchdringen	schockieren	ergreifen	einnehmen	durchschütteln	bewegen	beeinflussen	aufwühlen	angreifen
de_6	german	Es kommt nach allen heftigen Gemütsbewegungen, die unser ganzes Wesen durchschüttern, eine stillklare Heiterkeit über die Seele, gleich wie die Felder nach einem Gewitter frischer grünen und aufatmen.	Heiterkeit	0.4	Freude	Freude	Freude	Freude	Freude	Freude	Fröhlichkeit	Fröhlichkeit	Fröhlichkeit	Fröhlichkeit	Zufriedenheit	Zufriedenheit	Vergnügen	Munterkeit	Gelassenheit	Frohsinn
de_7	german	Florio war recht  innerlichst vergnügt, alle blöde Bangigkeit war von seiner Seele genommen, und er sah fast träumerisch still vor fröhlichen Gedanken zwischen den Lichtern und Blumen in die wunderschöne, langsam in die Abendgluten versinkende Landschaft vor sich hinaus.	recht	0.275	ziemlich	ziemlich	ziemlich	ziemlich	ziemlich	sehr	sehr	relativ	relativ	verhältnismäßig
de_8	german	Florio war recht innerlichst vergnügt, alle blöde Bangigkeit war von seiner Seele genommen, und er sah fast träumerisch still vor fröhlichen Gedanken zwischen den Lichtern und Blumen in die wunderschöne, langsam in die Abendgluten versinkende Landschaft vor sich hinaus.	Bangigkeit	0.65	Angst	Angst	Angst	Angst	Angst	Angst	Furcht	Furcht	Furcht	Ängstlichkeit	Ängstlichkeit	Sorge	Sorge	Unsicherheit	Unbehagen	Panik	Besorgnis
de_9	german	Florio war recht innerlichst vergnügt, alle blöde Bangigkeit war von seiner Seele genommen, und er sah fast träumerisch still vor fröhlichen Gedanken zwischen den Lichtern und Blumen in die wunderschöne, langsam in die Abendgluten versinkende Landschaft vor sich hinaus.	Abendglut	0.75	Abendrot	Abendrot	Abendrot	Abendrot	Abenddämmerung	Abenddämmerung	Abenddämmerung	Dämmerung	Dämmerung	Abendsonne	Abendsonne	Sonnenuntergang	Abendlicht	Abendgold
de_10	german	Zwar wurden die westlichen Alliierten durch Gewährsleute über die Planung „drastischer Maßnahmen“ zur Abriegelung von West-Berlin informiert, vom konkreten Zeitpunkt und Ausmaß der Absperrung gaben sie sich jedoch öffentlich überrascht.	drastisch	0.375	radikal	radikal	radikal	radikal	weitreichend	weitreichend	streng	streng	stark	stark	hart	hart	strikt	spürbar	heftig	erheblich	dramatisch	deutlich	bedeutsam
de_11	german	Zwar wurden die westlichen Alliierten durch Gewährsleute über die Planung „drastischer Maßnahmen“ zur Abriegelung von West-Berlin informiert, vom konkreten Zeitpunkt und Ausmaß der Absperrung gaben sie sich jedoch öffentlich überrascht.	Gewährsleute	0.875	Informanten	Informanten	Informanten	Informant	Informant	Informant	Verbindungsmänner	Kontaktmann	Hintermänner	Fachmann	Fachleute	Experten	Experte
de_12	german	Zwar wurden die westlichen Alliierten durch Gewährsleute über die Planung „drastischer Maßnahmen“ zur Abriegelung von West-Berlin informiert, vom konkreten Zeitpunkt und Ausmaß der Absperrung gaben sie sich jedoch öffentlich überrascht.	Ausmaß	0.275	Umfang	Umfang	Umfang	Umfang	Umfang	Grad
de_13	german	Gleichwohl wurden auf vielen in die Westsektoren führenden Straßen, in Eisenbahnen und anderen Verkehrsmitteln durch die Volkspolizei intensiv Personenkontrollen durchgeführt, um u. a. Fluchtverdächtige und Schmuggler aufzugreifen.	Gleichwohl	0.425	Trotzdem	Trotzdem	Trotzdem	Trotzdem	dennoch	dennoch	dennoch	trotzdem	trotzdem	nichtsdestotrotz	nichtsdestotrotz	Gleichzeitig	Gleichzeitig	Dennoch	Dennoch	jedenfalls	Dabei
de_14	german	Gleichwohl wurden auf vielen in die Westsektoren führenden Straßen, in Eisenbahnen und anderen Verkehrsmitteln durch die Volkspolizei intensiv Personenkontrollen durchgeführt, um u. a. Fluchtverdächtige und Schmuggler aufzugreifen.	Schmuggler	0.225	Schwarzhändler	Schwarzhändler	Schwarzhändler	Schwarzhändler	Krimineller
de_15	german	Gleichwohl wurden auf vielen in die Westsektoren führenden Straßen, in Eisenbahnen und anderen Verkehrsmitteln durch die Volkspolizei intensiv Personenkontrollen durchgeführt, um u. a. Fluchtverdächtige und Schmuggler aufzugreifen.	aufgreifen	0.275	festnehmen	festnehmen	festnehmen	festnehmen	festnehmen	festnehmen	verhaften	finden	fangen	einsammeln	einfangen
de_16	german	So fanden sich bereits am 13. August Ost-Berliner an den Grenzübergängen zu West-Berlin ein, die lautstark ihren Unmut artikulierten.	lautstark	0.225	deutlich	deutlich	deutlich	deutlich	laut	laut	laut	unüberhörbar	unüberhörbar	intensiv	intensiv	hörbar	hörbar	vehement	schreiend	offenkundig
de_17	german	So fanden sich bereits am 13. August Ost-Berliner an den Grenzübergängen zu West-Berlin ein, die lautstark ihren Unmut artikulierten.	Unmut	0.4	Ärger	Ärger	Ärger	Ärger	Ärger	Ärger	Unzufriedenheit	Unzufriedenheit	Unzufriedenheit	Unzufriedenheit	Unzufriedenheit	Wut	Wut	Protest	Protest	Missfallen	Missfallen	Zweifel	Zorn	Enttäuschung	Bedenken
de_18	german	So fanden sich bereits am 13. August Ost-Berliner an den Grenzübergängen zu West-Berlin ein, die lautstark ihren Unmut artikulierten.	artikulieren	0.25	ausdrücken	ausdrücken	ausdrücken	ausdrücken	ausdrücken	äußern	äußern	äußern	aussprechen	aussprechen	aussprechen	zeigen	zeigen	sagen	sagen	mitteilen	kundtun	benennen
de_19	german	Das Verhältnis zwischen den beiden verschlechterte sich während ihrer Amtszeit zusehends; nach vier Jahren hatte sich Burr der republikanischen Partei so entfremdet, dass er 1804 nicht wieder zur Wahl nominiert wurde.	Verhältnis	0.25	Beziehung	Beziehung	Beziehung	Beziehung	Beziehung	Beziehung	Beziehung	Beziehung	Beziehung	Beziehung	Verbindung	Verbindung	Verbindung	Miteinander	Kontakt
de_20	german	Das Verhältnis zwischen den beiden verschlechterte sich während ihrer Amtszeit zusehends; nach vier Jahren hatte sich Burr der republikanischen Partei so entfremdet, dass er 1804 nicht wieder zur Wahl nominiert wurde.	zusehends	0.475	deutlich	deutlich	deutlich	deutlich	zunehmend	zunehmend	zunehmend	weiter	weiter	spürbar	spürbar	ständig	stetig	sehr	kontinuierlich	erkennbar
de_21	german	Das Verhältnis zwischen den beiden verschlechterte sich während ihrer Amtszeit zusehends; nach vier Jahren hatte sich Burr der republikanischen Partei so entfremdet, dass er 1804 nicht wieder zur Wahl nominiert wurde.	nominieren	0.25	aufstellen	aufstellen	aufstellen	aufstellen	aufstellen	aufstellen	aufstellen	zulassen	vorschlagen	stellen	auswählen
de_22	german	Währenddessen hatte sich die Führung der Sowjetunion ihre eigenen Gedanken zur Lage in der DDR gemacht und konzipierte Ende Mai die Maßnahmen zur Gesundung der politischen Lage in der DDR, die einer nach Moskau bestellten SED-Delegation am 2. Juni 1953 mitgeteilt wurden.	Lage	0.15	Situation	Situation	Situation	Situation	Situation	Situation	Situation	Situation	Situation
de_23	german	Währenddessen hatte sich die Führung der Sowjetunion ihre eigenen Gedanken zur Lage in der DDR gemacht und konzipierte Ende Mai die Maßnahmen zur Gesundung der politischen Lage in der DDR, die einer nach Moskau bestellten SED-Delegation am 2. Juni 1953 mitgeteilt wurden.	konzipieren	0.475	planen	planen	planen	planen	entwerfen	entwerfen	entwerfen	entwerfen	erstellen	erstellen	erstellen	entwickeln	entwickeln	entwickeln	machen	machen	skizzieren	sich überlegen	formulieren	erarbeiten
de_24	german	Währenddessen hatte sich die Führung der Sowjetunion ihre eigenen Gedanken zur Lage in der DDR gemacht und konzipierte Ende Mai die Maßnahmen zur Gesundung der politischen Lage in der DDR, die einer nach Moskau bestellten SED-Delegation am 2. Juni 1953 mitgeteilt wurden.	Maßnahme	0.275	Regelung	Regelung	Regelung	Aktion	Aktion	Aktion	Vorgehensweise	Vorgehen	Tat	Schritt	Plan	Mittel	Methode	Konzept	Handlung	Aktivität
de_25	german	Seine zwiespältige Haltung gegenüber der Institution der Sklaverei lässt sich aus heutiger Sicht nur schwerlich mit seinen Überzeugungen von Freiheit und Gleichheit vereinen.	zwiespältig	0.55	widersprüchlich	widersprüchlich	widersprüchlich	widersprüchlich	gespalten	gespalten	gespalten	gespalten	ambivalent	ambivalent	unklar	uneindeutig	mehrdeutig	kontrovers	gemischt
de_26	german	Seine zwiespältige Haltung gegenüber der Institution der Sklaverei lässt sich aus heutiger Sicht nur schwerlich mit seinen Überzeugungen von Freiheit und Gleichheit vereinen.	Haltung	0.325	Meinung	Meinung	Meinung	Meinung	Meinung	Meinung	Einstellung	Einstellung	Einstellung	Einstellung	Einstellung	Position	Position	Position	Position	Ansicht	Ansicht	Ansicht
de_27	german	Seine zwiespältige Haltung gegenüber der Institution der Sklaverei lässt sich aus heutiger Sicht nur schwerlich mit seinen Überzeugungen von Freiheit und Gleichheit vereinen.	Sicht	0.175	Perspektive	Perspektive	Perspektive	Perspektive	Perspektive	Perspektive	Blickwinkel	Betrachtungsweise	Anschauung
de_28	german	Besonders innerhalb der SPD tobten um die avisierte Vereinigung heftige Kontroversen.	toben	0.25	wüten	wüten	wüten	wüten	herrschen	herrschen	entstehen	entstehen	tosen	pulsieren	existieren
de_29	german	Besonders innerhalb der SPD tobten um die avisierte Vereinigung heftige Kontroversen.	avisieren	0.7	ankündigen	ankündigen	ankündigen	ankündigen	ankündigen	ankündigen	planen	planen	planen	anstreben	anstreben	anstreben	kommunizieren	erwarten	ausrufen	ansagen
de_30	german	Besonders innerhalb der SPD tobten um die avisierte Vereinigung heftige Kontroversen.	Kontroverse	0.35	Diskussion	Diskussion	Diskussion	Diskussion	Diskussion	Diskussion	Diskussion	Auseinandersetzung	Auseinandersetzung	Auseinandersetzung	Auseinandersetzung	Auseinandersetzung	Streitigkeit	Streitigkeit	Streitigkeit	Uneinigkeit	Streit	Meinungsverschiedenheit	Diskurs	Debatte	Auseinandersetzungen
it_1	italian	Aveva l'aria di una perduta nobiltà: la miseria gli si leggeva tutta nel volto e nella camicia sbrindellata sul petto.	perduta	0.08	persa	persa	persa	persa	persa	persa	andata	antica	finita	inesistente	passata	smarrita"
it_2	italian	Aveva l'aria di una perduta nobiltà: la miseria gli si leggeva tutta nel volto e nella camicia sbrindellata sul petto.	miseria	0.08	povertà	povertà	povertà	povertà	povertà	povertà povertà	povertà	povertà	povertà	indigenza	indigenza	bisogno	stento"
it_3	italian	Aveva l'aria di una perduta nobiltà: la miseria gli si leggeva tutta nel volto e nella camicia sbrindellata sul petto.	sbrindellata	0.3	strappata	strappata	strappata	strappata	rotta	rotta	rotta	stracciata	stracciata	stracciata	consumata	consunta	lacerata	malmessa	rovinata	sgualcita"
it_4	italian	Sono per lo più opere di autori anonimi, spesso giunte a noi frammentarie, che ritraggono la società dell'epoca, orientata al profitto e al piacere.	anonimi	0.03	sconosciuti	sconosciuti	sconosciuti	sconosciuti	sconosciuti	sconosciuti	sconosciuti	sconosciuti	ignoti	ignoti"
it_5	italian	Sono per lo più opere di autori anonimi, spesso giunte a noi frammentarie, che ritraggono la società dell'epoca, orientata al profitto e al piacere.	giunte	0.08	arrivate	arrivate	arrivate	arrivate	arrivate	arrivate	arrivate	arrivate	arrivate	arrivate	pervenute	pervenute"
it_6	italian	Sono per lo più opere di autori anonimi, spesso giunte a noi frammentarie, che ritraggono la società dell'epoca, orientata al profitto e al piacere.	profitto	0.15	guadagno	guadagno	guadagno	guadagno	guadagno	guadagno	guadagno	guadagno	guadagno	guadagno	denaro	ricavo	ricchezza	ricompensa"
it_7	italian	Gli piaceva come raccontava il Manolo, con quelle frasi ampollose costellate di parole in dialetto	ampollose	0.43	retoriche	retoriche	retoriche	pompose	pompose	ricercate	ricercate	altisonanti	ampie	cerimoniose	complesse	gonfie	opulente	piene	pretenziose	ridondanti"
it_8	italian	Gli piaceva come raccontava il Manolo, con quelle frasi ampollose costellate di parole in dialetto	costellate	0.28	piene	piene	piene	piene	piene	piene	piene	cosparse	cosparse	ricche	ricche	accostate	disseminate	farcite	frammiste	intervallate"
it_9	italian	Gli piaceva come raccontava il Manolo, con quelle frasi ampollose costellate di parole in dialetto	parole	0.03	termini	termini	termini	espressioni	espressioni	vocaboli	vocaboli	linguaggio"
it_10	italian	Dopo una giovinezza irrequieta angustiata dalle ristrettezze economiche (i Pulci erano una nobile famiglia decaduta), è introdotto presso la famiglia Medici nel 1461, dove entra presto nelle grazie del giovane Lorenzo.	giovinezza	0.03	gioventù	gioventù	gioventù	gioventù	gioventù	gioventù	gioventù	gioventù	adolescenza	adolescenza	età	infanzia"
it_11	italian	Dopo una giovinezza irrequieta angustiata dalle ristrettezze economiche (i Pulci erano una nobile famiglia decaduta), è introdotto presso la famiglia Medici nel 1461, dove entra presto nelle grazie del giovane Lorenzo.	angustiata	0.38	tormentata	tormentata	tormentata	afflitta	afflitta	angosciata	angosciata	preoccupata	preoccupata	colpita	inasprita	provata	travagliata	vessata"
it_12	italian	Dopo una giovinezza irrequieta angustiata dalle ristrettezze economiche (i Pulci erano una nobile famiglia decaduta), è introdotto presso la famiglia Medici nel 1461, dove entra presto nelle grazie del giovane Lorenzo.	grazie	0.18	favori	favori	favori	favori	simpatie	simpatie	simpatie	benevolenze	benevolenze	desideri"
it_13	italian	Inventiamo miti e trame per sottrarre al tempo la sua apparente mancanza di senso.	sottrarre	0.08	togliere	togliere	togliere	togliere	togliere	togliere	togliere	togliere	togliere	togliere	levare	privare"
it_14	italian	Inventiamo miti e trame per sottrarre al tempo la sua apparente mancanza di senso.	apparente	0.12	finta	finta	finta	falsa	fittizia	fittizio	inconsistente	informe	percepibile	verosimile"
it_15	italian	Inventiamo miti e trame per sottrarre al tempo la sua apparente mancanza di senso.	mancanza	0.03	assenza	assenza	assenza	assenza	assenza	assenza	carenza	carenza	privazione"
it_16	italian	È uno dei poemi più singolari della letteratura italiana, dato il tono giocoso e le avventure mirabolanti di alcuni personaggi.	singolari	0.22	particolari	particolari	particolari	particolari	particolari	particolari	caratteristici	caratteristici	insoliti	insoliti	peculiari	peculiari	unici	unici	atipici	originali	speciali"
it_17	italian	È uno dei poemi più singolari della letteratura italiana, dato il tono giocoso e le avventure mirabolanti di alcuni personaggi.	giocoso	0.1	scherzoso	scherzoso	scherzoso	scherzoso	scherzoso	scherzoso	scherzoso	allegro	allegro	allegro	divertente	divertente	felice	festoso	ludico"
it_18	italian	È uno dei poemi più singolari della letteratura italiana, dato il tono giocoso e le avventure mirabolanti di alcuni personaggi.	mirabolanti	0.48	strabilianti	strabilianti	strabilianti	avventurose	avventurose	straordinarie	straordinarie	assurde	fantastiche	impensabili	incredibili	meravigliose	mirabile"
it_19	italian	Lo stile è molto popolareggiante, a volte quasi con ostentazione (specialmente in alcune canzoni, che sembrano costituite da centoni di proverbi popolari), ma senza per questo risultare affettato; e si deve ricordare come Poliziano fosse una delle persone più colte e raffinate del suo tempo.	popolareggiante	0.3	comune	comune	comune	comune	popolare	popolare	popolare	popolare	pop	pop	basilare	casereccio	popolaresco	schietto	semplice"
it_20	italian	Lo stile è molto popolareggiante, a volte quasi con ostentazione (specialmente in alcune canzoni, che sembrano costituite da centoni di proverbi popolari), ma senza per questo risultare affettato; e si deve ricordare come Poliziano fosse una delle persone più colte e raffinate del suo tempo.	ostentazione	0.12	esibizione	esibizione	esibizione	esibizione	esibizione	sfoggio	sfoggio	sfoggio	esagerazione	esagerazione	esibizionismo	esibizionismo	sfacciataggine	sfacciataggine	presunzione"
it_21	italian	Lo stile è molto popolareggiante, a volte quasi con ostentazione (specialmente in alcune canzoni, che sembrano costituite da centoni di proverbi popolari), ma senza per questo risultare affettato; e si deve ricordare come Poliziano fosse una delle persone più colte e raffinate del suo tempo.	affettato	0.52	costruito	costruito	costruito	costruito	forzato	forzato	ricercato	ricercato	artefatto	artificioso	complesso	esagerato	falso	finto	innaturale	pomposo	preciso	pretenzioso	sdolcinato	studiato"
it_22	italian	Tardo a capire, incapace d'un solo gesto e d'una sola parola, inchiodato alla mia viltà e al mio livore, io rimanevo il solito piccolo, impotente sicario di sempre.	tardo	0.32	lento	lento	lento	lento	lento	difficoltoso	duro	fatico	ritardo	tardivo	tonto"
it_23	italian	Tardo a capire, incapace d'un solo gesto e d'una sola parola, inchiodato alla mia viltà e al mio livore, io rimanevo il solito piccolo, impotente sicario di sempre.	livore	0.52	astio	astio	astio	astio	astio	rancore	rancore	rancore	rancore	risentimento	risentimento	risentimento	odio	odio	rabbia	rabbia	ostilità"
it_24	italian	Tardo a capire, incapace d'un solo gesto e d'una sola parola, inchiodato alla mia viltà e al mio livore, io rimanevo il solito piccolo, impotente sicario di sempre.	sicario	0.48	assassino	assassino	assassino	assassino	assassino	assassino	assassino	killer	killer	boia	criminale	delinquente	esecutore"
it_25	italian	Gli Stati europei danno vita a veri e propri imperi attraverso cui controllare le colonie, mentre nella società si diffonde l'idea che con il lavoro si possa estendere indefinitamente il benessere e la civiltà, liberando gli uomini dai condizionamenti della natura.	estendere	0.25	aumentare	aumentare	aumentare	diffondere	diffondere	diffondere	allargare	allargare	ampliare	ampliare	distribuire	espandere	generare	ingrandire	sviluppare"
it_26	italian	Gli Stati europei danno vita a veri e propri imperi attraverso cui controllare le colonie, mentre nella società si diffonde l'idea che con il lavoro si possa estendere indefinitamente il benessere e la civiltà, liberando gli uomini dai condizionamenti della natura.	indefinitamente	0.32	illimitatamente	illimitatamente	illimitatamente	illimitatamente	illimitatamente	enormemente	incontrollabilmente	indistintamente	infinitamente	moltissimo"
it_27	italian	Gli Stati europei danno vita a veri e propri imperi attraverso cui controllare le colonie, mentre nella società si diffonde l'idea che con il lavoro si possa estendere indefinitamente il benessere e la civiltà, liberando gli uomini dai condizionamenti della natura.	condizionamenti	0.43	influenze	influenze	influenze	influenze	influenze	influenze	vincoli	vincoli	dipendenza	limitazioni	obblighi"
it_28	italian	Negli ultimi quattro anni di vita Anna aveva sofferto e superato dolori immensi, folgoranti come l'esplosione di un deposito di metano e che le stagnavano ancora nel cuore.	immensi	0.18	enormi	enormi	enormi	enormi	enormi	grandi	grandi	grandi	profondi	profondi	forti	fortissimi	immani	infiniti"
it_29	italian	Negli ultimi quattro anni di vita Anna aveva sofferto e superato dolori immensi, folgoranti come l'esplosione di un deposito di metano e che le stagnavano ancora nel cuore.	folgoranti	0.43	forti	forti	forti	fulminanti	fulminanti	fulminanti	accecanti	accecanti	acuti	brucianti	devastanti	dolorosi	imprevisti	improvvisi	intensi	lancinanti	potenti	sconvolgenti"
it_30	italian	Negli ultimi quattro anni di vita Anna aveva sofferto e superato dolori immensi, folgoranti come l'esplosione di un deposito di metano e che le stagnavano ancora nel cuore.	stagnavano	0.48	rimanevano	rimanevano	rimanevano	rimanevano	restavano	restavano	restavano	accumulavano	giacevano	immobilizzavano	pesavano
ja_1	japanese	それをエラストが連れ戻すことで恩を売り、なおかつ結婚を認めさせようという計画である。	連れ戻す	0.24	連れて帰る	連れて帰る	連れて帰る	連れて帰る	連れて帰る	取り返す	取り返す	一緒に帰る	一緒に帰る	連れてくる	連れてくる	戻す	こちらに返す	見つけて帰す	元の場所に返す	一緒に戻ってくる	探して連れてくる	連れて帰ってくる	以前いた場所に戻す	元の場所に連れてくる	元居た所に、連れて行く	行って一緒に帰ってくる	もう一度自分のものにする	よく話してここに帰ってくる	追って行って、元の場所に戻す	引き戻す	もとの場所に戻す
ja_2	japanese	それをエラストが連れ戻すことで恩を売り、なおかつ結婚を認めさせようという計画である。	恩を売り	0.56	助けてあげ	助けてあげ	助けてあげ	助けてあげ	感謝させ	感謝させ	サポートし	サポートし	感謝してもらい	感謝してもらい	ありがたいと思わせ	ありがたいと思わせ	助け	恩に着せ	喜んでもらい	貸しをつくり	親切にしてあげ	いいことをしてあげ	救いの手を差し伸べ	相手に借りを作らせ	ありがたく思ってもらい	ありがたく感じてもらい	相手に感謝させるようにし	助けてあげたと相手に思わせ	良いことをしてもらったと思わせ	その代わりに何かをしたいと思わせ	見返りを期して恩を施し	後に感謝されるように施しを与えて貸しを作り
ja_3	japanese	それをエラストが連れ戻すことで恩を売り、なおかつ結婚を認めさせようという計画である。	なおかつ	0.4	さらに	さらに	さらに	さらに	さらに	さらに	さらに	さらに	また	また	また	また	そのうえ	そのうえ	そのうえ	それに加えて	それに加えて	それに加えて	しかも	しかも	そして	そして	その上	その上	それでなお	それにプラスして	そのうえまた	そのうえ更に
ja_4	japanese	各種の自動車、自転車、市電など、ぜんぜん気にかけない。	各種の	0.16	様々な	様々な	様々な	様々な	いろいろな種類の	いろいろな種類の	いろいろな種類の	いろいろな種類の	いろいろな	いろいろな	いろいろな	色々な	色々な	色々な種類の	色々な種類の	たくさんの種類の	たくさんの種類の	様々な種類の	様々な種類の	多彩な	多くの種類の	沢山の種類の	色んな種類の	それぞれの種類の	ぞれぞれの種類の	それぞれのタイプの
ja_5	japanese	各種の自動車、自転車、市電など、ぜんぜん気にかけない。	市電	0.38	路面電車	路面電車	路面電車	路面電車	電車	電車	市の電車	市の電車	トラム	市街電車	路面鉄道	市営の電車	チンチン電車	ローカル電車	道を走る電車	道路を走る電車	街の中を走る電車	道の上を走る電車	道路上を走る電車	市が持っている電車	市が走らせている市民のための電車	市営電車	市を走る路面電車
ja_6	japanese	各種の自動車、自転車、市電など、ぜんぜん気にかけない。	気にかけない	0.38	気にしない	気にしない	気にしない	気にしない	気にしない	気にしない	気にしない	心配しない	心配しない	心配しない	考えない	考えない	興味がない	興味がない	悩まない	構わない	無視する	注意しない	関心がない	問題としない	気にとめない	深く考えない	知らん顔をする	何も考えていない	なんとも思っていない	とらわれない	執着を持たない	関心を持たない
ja_7	japanese	ドラマに関する感想を募集し、週ごとにピックアップして回答も掲載した。	募集し	0.08	集め	集め	集め	集め	集め	集め	促し	募り	探し	集めて	呼びかけ	広く集め	呼びかけて	たくさん求め	書いてもらい	送ってもらい	呼びかけて集め	くださいとお願いし	みんなに書いてもらい	集めていることを伝え	公に募めて	公募して集めて	一般に募り集めて
ja_8	japanese	ドラマに関する感想を募集し、週ごとにピックアップして回答も掲載した。	ピックアップして	0.04	選んで	選んで	選んで	選んで	選んで	選んで	選んで	取り上げて	取り上げて	取り上げて	取り上げて	選び出して	選び出して	選び出して	セレクトして	セレクトして	取り上げ	拾い出して	よりすぐって	チョイスして	いくつか選んで	その中から選んで	良いものを選んで	良いものを取り上げて	その中からいくつか決めて	拾い上げて	つまみ上げて
ja_9	japanese	ドラマに関する感想を募集し、週ごとにピックアップして回答も掲載した。	掲載した	0.32	載せた	載せた	載せた	載せた	載せた	載せた	載せた	載せた	載せた	載せた	書いた	書いた	書いた	紹介した	紹介した	紹介した	発表した	発表した	公開した	知らせた	紙面に載せた	記載し情報を伝えた
ja_10	japanese	再びはじめに戻れば、{a,b}=cまたは{a,b}={c,d}である。	再び	0.06	もう一度	もう一度	もう一度	もう一度	もう一度	もう一度	もう一度	もう一度	もう一度	また	また	また	また	また	また	また	もう一回	もう一回	もう一回	前と同じように	前と同じように	再度	再度	繰り返し
ja_11	japanese	再びはじめに戻れば、{a,b}=cまたは{a,b}={c,d}である。	はじめ	0.02	最初	最初	最初	最初	最初	最初	最初	最初	スタート	スタート	スタート	スタート	元	頭	先頭	冒頭	一番前	一番目	始まり	１番目	はじまり	最初のところ	いちばんはじめ	開始地点	スタート地点
ja_12	japanese	再びはじめに戻れば、{a,b}=cまたは{a,b}={c,d}である。	または	0.06	か	か	か	か	あるいは	あるいは	あるいは	あるいは	もしくは	もしくは	もしくは	もしくは	それとも	それとも	それとも	それか	それか	そして	或いは	すなわち	でなければ	もうひとつは	それでなければ	そうでなければ
ja_13	japanese	旧基準の製品を使用する場合は、収納部分の扉のロックが壊れていたら、直ちに使用を中止してください。	旧	0.12	古い	古い	古い	古い	古い	古い	古い	古い	古い	古い	以前の	以前の	以前の	以前の	以前の	以前の	以前の	昔の	昔の	昔の	昔の	昔の	昔の	前の	前の	前の	前の	今より前の
ja_14	japanese	旧基準の製品を使用する場合は、収納部分の扉のロックが壊れていたら、直ちに使用を中止してください。	ロック	0.02	鍵	鍵	鍵	鍵	鍵	鍵	錠	錠	錠	かぎ	キー	固定部分	開け閉めする部分	開け閉めする金具	動きを止めるところ	動かないようにする部品	開かないようにするところ	かけられているはずの鍵
ja_15	japanese	旧基準の製品を使用する場合は、収納部分の扉のロックが壊れていたら、直ちに使用を中止してください。	直ちに	0.22	すぐに	すぐに	すぐに	すぐに	すぐに	すぐに	すぐに	すぐに	すぐに	早く	早く	早く	今すぐ	今すぐ	急いで	急いで	すぐさま	すぐさま	即座に	即座に	今	すぐ	じきに	速やかに	即刻
ja_16	japanese	楽譜にはそれぞれ、長大な標題がリストによって書き添えられている。	長大な	0.38	長い	長い	長い	長い	長い	とても長い	とても長い	とても長い	とても長い	長々とした	長々とした	長々とした	たくさんの	たくさんの	すごい	沢山の	長く続く	すごく長い	文字数の多い	長くて大きい	ボリュームのある	長く大きな	長く立派な	素晴らしく長い
ja_17	japanese	楽譜にはそれぞれ、長大な標題がリストによって書き添えられている。	標題	0.3	タイトル	タイトル	タイトル	タイトル	タイトル	タイトル	題名	題名	題名	題名	題名	名前	名前	名前	題	題	解説	説明	題目	見出し	説明文	別の名前	曲を表す題名	内容がわかる短いことば	外題
ja_18	japanese	楽譜にはそれぞれ、長大な標題がリストによって書き添えられている。	書き添えられて	0.48	書かれて	書かれて	書かれて	書かれて	書かれて	書き足されて	書き足されて	書き足されて	書き足されて	書き加えられて	書き加えられて	書き加えられて	一緒に書かれて	一緒に書かれて	付け加えられて	付け加えられて	メモされて	付けられて	添えられて	一緒に付いて	付け足されて	隣に書かれて	小さく書かれて	書かれ、足されて	追記されて
ja_19	japanese	過去の作品で馴染み深かった音楽が一部変更されている（戦闘曲やレベルアップ音など）。	馴染み深かった	0.4	よく知っている	よく知っている	よく知っている	よく聞いていた	よく聞いていた	なじみの	見慣れた	親しんだ	よく聴いた	慣れている	聞きなれた	聞き慣れた	聴き慣れた	親しまれた	慣れ親しんだ	親しみのある	親しんでいた	よく知っていた	よく知られていた	よく聞かれていた	長い間聞いてきた	皆がよく知っている	何度も聞いてよく知っている	たくさんの人がよく知っている	慣れ親しまれた	長い期間にわたり良く知られている
ja_20	japanese	過去の作品で馴染み深かった音楽が一部変更されている（戦闘曲やレベルアップ音など）。	変更されて	0.08	変わって	変わって	変わって	変わって	変わって	変えられて	変えられて	変えられて	変えられて	変えられて	直されて	直されて	直されて	修正されて	修正されて	新しくなって	新しくなって	違って	編曲されて	手直しされて	チェンジされて	違うものになって	違う音楽になって	変え改められて	変わり改められて
ja_21	japanese	過去の作品で馴染み深かった音楽が一部変更されている（戦闘曲やレベルアップ音など）。	戦闘曲	0.34	戦いの曲	戦いの曲	戦いの曲	戦いの曲	戦いの曲	争いの曲	戦いの歌	戦争の曲	ゲームの曲	バトル音楽	戦う時の曲	戦争の音楽	ゲームの音楽	戦う場面の曲	バトルシーンの曲	戦争がテーマの曲	戦うイメージの音楽	敵と戦うときの音楽	戦う時に聞こえる音楽	ゲームで敵と戦う時の曲	ゲームなどで戦う時に流れる曲	バトルミュージック
ja_22	japanese	登場人物の衣装・小物に現代のデザインを応用したものが随所に登場している。	小物	0.18	アクセサリー	アクセサリー	アクセサリー	道具	道具	持ち物	持ち物	雑貨	飾り	装身具	飾り物	身の回り品	身の回りの物	アクセサリー類	持っているもの	身に着ける小さい物	からだに着ける小さい物	帽子や時計、ゆびわなど	バッグや靴やアクセサリー	帽子やバッグ、メガネなど	小さい道具や衣装に付ける飾り	帽子やバッグ、メガネなどの小物	装飾品	服飾雑貨
ja_23	japanese	登場人物の衣装・小物に現代のデザインを応用したものが随所に登場している。	応用した	0.18	使った	使った	使った	使った	使った	取り入れた	取り入れた	取り入れた	取り入れた	利用した	利用した	当てはめた	当てはめた	アレンジした	アレンジした	用いた	活かした	あてはめた	うまく使った	アイデアにした	使って表現した	あてはめて用いた	あてはめて活用した
ja_24	japanese	登場人物の衣装・小物に現代のデザインを応用したものが随所に登場している。	随所	0.58	あちこち	あちこち	あちこち	あちこち	あちこち	いろいろな場面	いろいろな場面	いろいろなところ	いろいろなところ	あちらこちら	あちらこちら	各所	いたる所	そこここ	色んな所	あらゆる所	様々な場所	あらゆる場所	いろいろな所	いろんな場所	色んなところ	いろんなところ	たくさんの場面	たくさんのところ	至る所
ja_25	japanese	店が繰り返し強盗被害にあっていたことなどを考慮したためとされる。	繰り返し	0.16	何回も	何回も	何回も	何回も	何回も	何回も	何回も	何回も	何度も	何度も	何度も	何度も	何度も	何度も	度々	度々	たびたび	たびたび	よく	いつも	複数回	しばしば	二回も三回も	度重なる
ja_26	japanese	店が繰り返し強盗被害にあっていたことなどを考慮したためとされる。	強盗被害	0.32	強盗	泥棒	犯罪	盗み	押し入り	押し込み	泥棒の被害	盗みの被害	恐ろしい犯罪	ぬすまれること	奪い取られる災難	物を取られること	物を奪われること	物を盗まれること	泥棒に入られる被害	金品を盗られる不運	無理矢理取られる災難	ドロボウによるダメージ	金を出せと脅される被害	ドロボウに入られて辛い目	押し入りというひどい経験	お金や物を無理やり取られる被害	お金や物を脅して取る犯罪の被害	暴力や脅迫などの手段により金銭や物品を盗まれる被害
ja_27	japanese	店が繰り返し強盗被害にあっていたことなどを考慮したためとされる。	考慮した	0.32	考えた	考えた	考えた	考えた	考えた	よく考えた	よく考えた	よく考えた	思った	一考した	気にした	配慮した	かんがみた	思いやった	見て取った	頭においた	頭に入れた	考え合わせた	いろいろと考えた	どうしたらいいかとよく考えた	考えて気遣った	踏まえて考えた
ja_28	japanese	リスナーが、柴田をキレさせるようなメールを送ってきて山崎が「まあまあまあ、柴田さん」と諫めるコーナー。	キレさせる	0.3	怒らせる	怒らせる	怒らせる	怒らせる	怒らせる	怒らせる	怒らせる	おこらせる	激怒させる	腹立たせる	逆上させる	いら立たせる	イラつかせる	カッとさせる	ムッとさせる	急に怒らせる	とても怒らせる	イライラさせる	嫌だと思わせる	激しく怒らせる	すごくムカつかせる	我慢できずに怒り出させる	我慢が限界に達し、理性的な対応をできなくさせる
ja_29	japanese	リスナーが、柴田をキレさせるようなメールを送ってきて山崎が「まあまあまあ、柴田さん」と諫めるコーナー。	諫める	0.62	なだめる	なだめる	なだめる	落ち着かせる	落ち着かせる	落ち着かせる	言い聞かせる	言い聞かせる	言い聞かせる	止める	止める	忠告する	忠告する	注意する	注意する	抑える	鎮める	説教する	軽く叱る	柔らかく注意する	怒らないようにと話す	落ち着くようお願いする	諭す	意見して制する	気分を落ち着かせようととめる
ja_30	japanese	リスナーが、柴田をキレさせるようなメールを送ってきて山崎が「まあまあまあ、柴田さん」と諫めるコーナー。	コーナー	0.08	時間	時間	時間	時間	時間枠	時間枠	番組の一部分	番組の一部分	場所	場面	番組	箇所	部分	ところ	シリーズ	番組企画	セクション	一区切りの時間	番組の中のひとつの部分	ある目的のために企画された時間帯	ある目的のために設けられた時間帯
pt_1	portuguese	as equipes contratadas pelo departamento de estradas de rodagem do paraná (der/pr) estão fazendo a primeira camada de asfalto no trecho da rodovia que passa por baixo da trincheira da jacob macanhan e também nos acessos laterais para a avenida camilo di lellis e para os bairros da região de pinhais	estradas	0.08	ruas	ruas	caminhos	caminhos	vias	rodovias
pt_2	portuguese	atenta à necessidade de melhorar a transparência dos fundos, a entidade lançará em seu congresso que começa nesta segunda-feira, 12, em florianópolis, o seu primeiro código de governança de investimentos, de adesão voluntária dos fundos	transparência	0.24	clareza	clareza	clareza	translucidez	visibilidade	publicidade
pt_3	portuguese	E o sacerdote fará expiação por toda a congregação dos filhos de Israel, e lhes será perdoado, porquanto foi por ignorância; e trouxeram a sua oferta, oferta queimada ao SENHOR, e a sua expiação do pecado perante o SENHOR, por causa da sua ignorância.	expiação	0.55	purificação	purificação	perdão	perdão	penitência	perdao
pt_4	portuguese	Não te assenhorearás dele com rigor, mas do teu Deus terás temor.	rigor	0.31	firmeza	firmeza	dureza	força	duro	severidade
pt_5	portuguese	outro: a luta contra a corrupção é progressiva quando prende empreiteiros que ganharam contratos milionários na petrobrás, mas reacionária quando a investigação é, tortuosamente, manipulada para criminalizar somente o pt	empreiteiros	0.36	construtores	construtores	construtores	empresarios	empresarios
pt_6	portuguese	para que a organização criminosa alcançasse sucesso e pudesse praticar crimes ao longo dos anos, foi necessária a formatação de uma base empresarial, burocrática, técnica e política que desse sustentação aos atos criminosos	atos	0.12	atitudes	atitudes	atitudes	ações	ações	ações	feitos	práticas
pt_7	portuguese	Como também os ratos de ouro, segundo o número de todas as cidades dos filisteus, pertencentes aos cinco príncipes, desde as cidades fortificadas até às aldeias, e até Abel. A grande pedra, sobre a qual puseram a arca do SENHOR, ainda está até ao dia de hoje no campo de Josué, o bete-semita.	aldeias	0.06	cidades	cidades	vilas	vilas	terras	localidades
pt_8	portuguese	no percurso rápido, estamos buscando uma vida mais agitada e audaciosa, que nos proporcione maiores triunfos, apesar dos perigos	perigos	0.13	dificuldades	riscos	acidenge	apuro	percalços
pt_9	portuguese	E, navegando dali, chegamos no dia seguinte defronte de Quios, e no outro aportamos a Samos e, ficando em Trogílio, chegamos no dia seguinte a Mileto.	navegando	0.18	velejando	velejando	viajando	boiand	viajando de barco
pt_10	portuguese	por isso, os países sócios adotam uma política única de taxação de produtos importados, a chamada tarifa externa comum (tec)	produtos	0.06	itens	itens	itens	mercadorias	mercadorias	objetos
pt_11	portuguese	o pesquisador paulo barreto, do imazon, acrescentou mais cinco medidas contra o desmatamento: cobrar o imposto rural, expandir a moratória da soja ao cerrado, fechar o mercado para a carne ilegal, dar crédito só para quem cumpre a lei e inovar nas táticas de combate	moratória	0.55	suspensão	suspensão	pausa	morada	divida	armazem
pt_12	portuguese	vários líderes da guerrilha o rodeavam, vestindo camisetas com o novo slogan das farc: reconciliação nacional, paz com justiça social e democracia avançada	democracia	0.23	processos democráticos	liberdade	doutrina democrática	direito	soberania popular
pt_13	portuguese	buzzi entendeu que a condenação poderia comprometer a própria estrutura de subsistência familiar	subsistência	0.48	sobrevivência	sobrevivência	sustento	estabilidade	manutenção	conservação	sobreviver
pt_14	portuguese	Como terapêutica de life-saving, optou-se por realizar fibrinólise com fator ativador do plasminogénio tecidual, através do dreno torácico, o que ocorreu com sucesso e sem complicações.	ativador	0.25	estimulador	estimulador	reabilitador	acionador	gerador	iniciador
pt_15	portuguese	Todavia tu, pela multidão das tuas misericórdias, não os deixaste no deserto. A coluna de nuvem nunca se apartou deles de dia, para os guiar pelo caminho, nem a coluna de fogo de noite, para lhes iluminar; e isto pelo caminho por onde haviam de ir.	misericórdias	0.38	bondades	bondades	perdão	compaixões	bençãos
pt_16	portuguese	Usando a mesma estratégia do grupo da EAPC, efetuamos uma pesquisa sistemática da literatura nas bases de dados eletrónicas PubMed e Scopus incluindo estudos originais em adultos com cancro avançado, sem tratamento dirigido à neoplasia, com sobrevivência mediana inferior a 90 dias.	bases	0.29	registros	eixo	bancos	superfície	localidades
pt_17	portuguese	Porque, devendo já ser mestres pelo tempo, ainda necessitais de que se vos torne a ensinar quais sejam os primeiros rudimentos das palavras de Deus; e vos haveis feito tais que necessitais de leite, e não de sólido mantimento.	rudimentos	0.58	fundamentos	fundamentos	fundamentos	fundamentos	argumentos	princípios	origens	inícios	antigos
pt_18	portuguese	Depois tomarás do sangue do novilho, e o porás com o teu dedo sobre as pontas do altar, e todo o sangue restante derramarás à base do altar.	novilho	0.38	bezerro	bezerro	bezerro	bezerro	vitelo	novilho
pt_19	portuguese	Nem jurarás pela tua cabeça, porque não podes tornar um cabelo branco ou preto.	cabelo	0.1	fio	fio	fio	mecha	pêlos
pt_20	portuguese	Grupo 1 (com puberdade e menarca espontânea): 20 (25,3%) doentes, 16,1 ± 8,9 anos.	puberdade	0.32	adolescência	adolescência	adolescencia	adolescencia	juventude
pt_21	portuguese	A transmissão da doença ocorreu predominantemente em ambiente escolar, com taxas de ataque < 30%.	ataque	0.25	contaminação	contaminação	dano	transmissão	infecção	eficácia	agressão
pt_22	portuguese	eles foram levados pela enxurrada e parte do gramado das margens também foram levados pelas águas	margens	0.23	beiras	beiras	beiras	partes perto da margem	laterais
pt_23	portuguese	Indo, pois, ter com ele os samaritanos, rogaram-lhe que ficasse com eles; e ficou ali dois dias.	samaritanos	0.48	bondosos	caridosos	pessoas	de samaria	estrangeiros	rapazes
pt_24	portuguese	Inclinai os vossos ouvidos, e vinde a mim; ouvi, e a vossa alma viverá; porque convosco farei uma aliança perpétua, dando-vos as firmes beneficências de Davi.	beneficências	0.49	bondades	bondades	bençãos	bençãos	benevolências	benefícios
pt_25	portuguese	tóquio volta a cair de olho em boj – influenciada por incertezas antes da reunião do banco do japão da próxima semana, a bolsa de tóquio recuou pelo segundo pregão consecutivo o nikkei caiu 1,26%, depois de registrar recuo de 0,69% ontem	incertezas	0.08	dúvidas	dúvidas	dúvidas	dúvidas	impossibilidades	indefinições
pt_26	portuguese	E até pelos pais, e irmãos, e parentes, e amigos sereis entregues; e matarão alguns de vós.	pais	0.07	genitores	genitores	familia	progenitores	nação
pt_27	portuguese	Para o que (digo a verdade em Cristo, não minto) fui constituído pregador, e apóstolo, e doutor dos gentios na fé e na verdade.	gentios	0.46	agnósticos	não judeus	multidão	caridosos	clã	estrangeiros	grupos
pt_28	portuguese	galdino precisou ser controlado por colegas e acabou preso pela guarda municipal	colegas	0.13	amigos	amigos	conhecidos	conhecidos	companheiros de trabalho
pt_29	portuguese	A mulher virtuosa é a coroa do seu marido, mas a que o envergonha é como podridão nos seus ossos.	podridão	0.2	sujeira	carniça	podre	ferida	deprevação
pt_30	portuguese	Na avaliação da classificação das três colunas, a reprodutibilidade interobservador foi de 0,47 (p < 0,0001), classificada como concordância moderada.	coluna	0.15	pilar	pilares	base	tabela	grupos	costas
si_1	sinhala	සකල ක්ලේශ ප්‍රහාණයෙන් ලෝකෝත්තර තත්ත්වයෙහි වැඩ විසූ තථාගතයන් වහන්සේ සම්මා සම්බුද්ධ නම් වූ  ලොවුතුරා සම්බුදු පදවියට පත්වූයේ උතුම් මිනිස් ජීවිතයක් ලැබීමෙන් බව අප අමතක නොකළ යුතුව ඇත.	තථාගතයන්	0.67	බුදුරජාණන්	බුදුරජාණන්	බුදුරජාණන්	බුදුරජාණන්	භාග්‍යවතුන්	භාග්‍යවතුන්	බුදුන්	බුදුන්	සම්බුදුරජාණන්	බුදුවරයන්
si_2	sinhala	නල්ලතන්නිය කල්ප රුක්ෂ විහාරස්ථානයේ විහාරාධිපති දෙහිපේ නන්ද හිමියන්ගේ අනුශාසකත්වයෙන්, නල්ලතන්නිය සංචාරක නිවාඩු නිකේතන හිමියන්ගේ සංගමය, ත්‍රිරෝද රථ සහ වෑන් රථ සංගමය, සංචාරක මඟ පෙන්වන්නන්ගේ සංගමය සහ ප්‍රදේශවාසීන් එක්ව මේ විරෝධතාව සංවිධාන කර තිබුණි.	අනුශාසකත්වයෙන්	0.52	ප්‍රධානත්වයෙන්	ප්‍රධානත්වයෙන්	ප්‍රධානත්වයෙන්	ප්‍රධානත්වයෙන්	ප්‍රධානත්වයෙන්	ආශිර්වාදයෙන්	ආශිර්වාදයෙන්	ආශිර්වාදයෙන්	මගපෙන්වීමෙන්	මගපෙන්වීමෙන්
si_3	sinhala	නිර්වාණය වනාහි ආර්යයන් ගේ පරම විශුද්ධ ලෝකෝත්තර ඥානයට මිස සෙස්සන් ගේ දුබල ඥානයට හොඳින් අසු නොවන්නා වූ ඇති වීමක් නැතිව ඇත්තා වූ, නො දිරන්නා වූ, නොබිඳෙන්නා වූ, සෑම කල්හි ම පවත්නා වූ, අනන්තාපරිමාණ ගුණයන් ගෙන් යුක්ත වූ, පරම සූක්ෂම වූ පරම ගම්භීර වූ එක්තරා සුඛස්වභාවයෙකි.	නිර්වාණය	0.91	නිවන	නිවන	නිවන	නිවන	නිවන	නිවන	මුක්තිය	මුක්තිය	මුක්තිය	මෝක්ෂය
si_4	sinhala	වෛද්‍ය විද්‍යාවට මෙයින් ලැබෙන පිටිවහල අතිමහත්වන අතර ඒ හේතුවෙන් මූලික වශයෙන් පෙනහළු මෙන්ම අක්මාව, අග්න්‍යාශය, වකුගඩු හා අන්තරයට ප්‍රවෙණිගතව බලපෑ හැකි රෝගී තත්ත්වයක සිට පියයුරු පිළිකා දක්වා හේතුවිය හැකි ප්‍රවේණිගත වැරදීම් ඉවත් කිරීම පිළිබඳ සංකල්පය ද මීට අයත්වේ.	පිටිවහල	0.24	උදවු	උදවු	උදවු	උදවු	උපකාර	උපකාර	උපකාර	පිහිට	පිහිට	පිහිට
si_5	sinhala	මෙරට පවුල් ලක්ෂ 68ක සංඛ්‍යාවකින් ලක්ෂ 26ක් දරිද්‍රතා රේඛාවෙන් පහළ මට්ටමේ සිටින බව මුදල් රාජ්‍ය අමාත්‍ය රංජිත් සියඹලාපිටිය මහතා පැවැසීය.	දරිද්‍රතා	0.16	දුප්පත්	දුප්පත්	දුප්පත්	දුප්පත්	දුප්පත්	දිළිඳු	දිළිඳු	දිළිඳු	දුගී	දුගී
si_6	sinhala	අම්මා කෙනෙකුගෙන් තොරවූ ජන සමාජයක් කිසි දිනෙක මිහිපිට පහළ වූයේ නැත, ඒ නිසාම අතීත යුගයේ සිට අම්මා කෙනෙකු බවට පත්වූ වනිතාව මුළු මහත් ප‍්‍රජාවගේම බුහුමනට පාත‍්‍ර වූවාය.	වනිතාව	0.12	කාන්තාව	කාන්තාව	කාන්තාව	කාන්තාව	ගැහැණිය	ගැහැණිය	ගැහැණිය	කත	කත	කත
si_7	sinhala	උදෑසන ආහාර සොයා ගිය සියොතුන් නැවත තම කැදැලි කරා පියඹා එන්නට පටන් ගෙන.	සියොතුන්	0.06	කුරුල්ලෝ	කුරුල්ලෝ	කුරුල්ලෝ	කුරුල්ලෝ	කුරුල්ලෝ	කුරුල්ලෝ	පක්ෂීන්	පක්ෂීන්	පක්ෂීන්	විහඟුන්
si_8	sinhala	සමාරම්භයත් සමඟම, මාතර හා තදාසන්න ප්‍රදේශවල සිය ගණන් මාපියෝ සිය පුත්‍රයන්ගේ ඉංග්‍රීසි අධ්‍යාපනය උදෙසා පරාක්‍රමබාහු පාඨශාලාව යනුවෙන් නම් කෙරුණු මේ පාසලට රැගෙන එන්නට වූහ.	පාඨශාලාව	0.05	පාසල	පාසල	පාසල	පාසල	විදුහල	විදුහල	විද්‍යාලය	විද්‍යාලය	ඉස්කෝලය	ඉස්කෝලය
si_9	sinhala	බලි තොවිල් වැනි ශාන්ති කර්මවලදී කේතුට හිමි වෘක්ෂය වන කෙසෙල් ගසේ පතුරු භාවිත කරන්නේ වාත, පිත, සෙම යන කොටස් තුන කෙසෙල් පතුරුවල අඩංගු නිසාය.	වෘක්ෂය	0.19	ගස	ගස	ගස	ගස	ගස	ගස	රුක	රුක	රුක	තුර
si_10	sinhala	වඩා ත් තීරණාත්මක ලෙස, ඇතැම් න්‍යායන්ට අනුව අපගේ ග්‍රහලෝකය තුළ ජීවය සම්භවය විය හැකි තත්ත්වයන් නිර්මාණය කිරීමට චන්ද්‍රයා උපකාර වන්නට, එසේම පෘථිවියේ ජීවය ප්‍රථමයෙන් ආරම්භ කිරීමට පවා උපකාර වන්නට ඇත.	චන්ද්‍රයා	0.09	සඳ	සඳ	සඳ	සඳ	සඳ	හඳ	හඳ	හඳ	හඳ	තරිඳු
si_11	sinhala	තමා වෙත කෙතෙක් ලැබුණත් තෘප්තිමත් නොවීම හා අනුන් සන්තකය තමා වෙත ලබා ගැනීමට ඇති ලොල්බව අත්‍රිච්ඡතාවයයි.	ලොල්බව	0.12	ආශාව	ආශාව	ආශාව	ඇල්ම	ඇල්ම	ඇල්ම	කැමැත්ත	කැමැත්ත	ප්‍රියතාවය	ප්‍රියතාවය
si_12	sinhala	නිරිත දිග මෝසම් වර්ෂාව ආරම්භයත් සමග මධ්‍යම කඳුකරයේ බටහිර බෑවුම් ප්‍රදේශවලට තද වැසි පතනය වන අතර එම වර්ෂාවෙන් බොහෝ දියඇලි ක්ෂණිකව පෝෂණය ලබමින් දැකුම්කළුව ගලා බසියි.	දැකුම්කළුව	0.09	මනරම්ව	මනරම්ව	මනරම්ව	මනරම්ව	පියකරුව	පියකරුව	පියකරුව	සුන්දරව	සුන්දරව	සුන්දරව
si_13	sinhala	එයිනුත් පසුගිය දශක කිහිපය තුළ සිදුවී ඇති වෙනස්කම් වඩාත් කැපී පෙනෙන නිසා ආදර හසුන් ගැන තරමක් උනන්දු වී සොයා බැලීම වඩාත් රසවත් වන්නේය.	හසුන්	0.08	ලියුම්	ලියුම්	ලියුම්	ලියුම්	ලියුම්	ලිපි	ලිපි	ලිපි	ලියමන්	ලියමන්
si_14	sinhala	අධික බර නිසා වගේම අධික කෘශ බව කියන්නෙත් මානසිකව පවා අපහසුතාවට පත් කරවන දෙයක්.	කෘශ	0.07	කෙට්ටු	කෙට්ටු	කෙට්ටු	කෙට්ටු	සිහින්	සිහින්	සිහින්	කෙසඟ	කෙසඟ	කෙසඟ
si_15	sinhala	පැරිසියේ ලූවර් කෞතුකාගාරයේ තැන්පත් කර ඇති ලෝක ප්‍රකට “මොනාලිසා” සිතුවම වෙතට විරෝධතාකරුවන් පිරිසක් විසින් සුප් ප්‍රහාරයක් එල්ල කර තිබෙනවා.	ප්‍රකට	0.07	ප්‍රසිද්ධ	ප්‍රසිද්ධ	ප්‍රසිද්ධ	ප්‍රසිද්ධ	ප්‍රසිද්ධ	ප්‍රසිද්ධ	පූජිත	පූජිත	පූජිත	පතල
si_16	sinhala	මේ රටේ මුස්ලිම් ජනතාවට ඉස්ලාමීය ජනතාවට කරන්න පුළුවන් ලොකුම නිග්‍රහය කළේ රාජපක්ෂලා බවත් කොවිඩ් සමයේ භූමදානය ද ආදාහනය ද යන ගැටලුවේ දී ඔවුන් කටයුතු කළේ තමන්ට හිතෙන ආකාරයට බවත් විපක්ෂ නායකවරයා පැවසීය.	නිග්‍රහය	0.05	අපහාසය	අපහාසය	අපහාසය	අපහාසය	නින්දාව	නින්දාව	නින්දාව	අවමානය	අවමානය	අවමානය
si_17	sinhala	එම සිතුවම් විනාශයට පත් කරමින් ගලා එන වැසි ජලය විහාරස්ථානයේ විවිධ පෞරාණික පිළිම වහන්සේ වෙත ගලාවිත් ඒවාද විනාශ වෙමින් පවතී.	පෞරාණික	0.12	පැරණි	පැරණි	පැරණි	පැරණි	පුරාණ	පුරාණ	පුරාණ	පුරාණ	ආදී	ආදී
si_18	sinhala	විවිධ වර්ණයෙන් විසිතුරු වු චූඩාමාණික්‍යයෙහි රශ්මිය වැදීමෙන් සරත් කාලයේ පායන සූර්ය බිම්බයේ සුන්දරත්වය ලැබුවා වු, පුරා දිලෙන සේසත් ඇති සිංහාසනය මැද උතුම් නරනිදු අසුන් අරා වැඩ හුන් කල්හි.	නරනිදු	0.42	රජතුමා	රජතුමා	රජතුමා	රජතුමා	රජු	රජු	රජු	නිරිඳු	නිරිඳු	නිරිඳු
si_19	sinhala	2021 වසරේ පැවති අපොස උසස් පෙළ විභාගයේ මුළු දිවයිනෙන්ම ප්‍රවීණතා දැක් වූ සිසුන් ඇගයීම අධ්‍යාපන අමාත්‍ය සුසිල් ප්‍රේම්ජයන්ත් මහතාගේ ප්‍රධානත්වයෙන් ඊයේ (15) සිදුවිය.	ප්‍රවීණතා	0.14	දක්ෂතා	දක්ෂතා	දක්ෂතා	දස්කම්	දස්කම්	සමත්කම්	සමත්කම්	හපන්කම්	හපන්කම්	කුසලතා
si_20	sinhala	ඔහුගේ අභාවයෙන් පසු කලෙක මෙම ගෘහය රජයට පවරා ගෙන ඇති අතර එතැන් පටන් ගම්පහ කච්චේරිය ලෙසින් මෙය භාවිත කරනු ලබයි.	ගෘහය	0.23	ගෙය	ගෙය	ගෙය	ගෙදර	ගෙදර	ගෙදර	නිවස	නිවස	මන්දිරය	මන්දිරය
si_21	sinhala	තමන් විසින් සිටුවන ලද කෙසෙල් ගස්වල හටගත් කැන් දෙකක් කපාගෙන ගිය සොරුන්ට දඬුවම් කරන ලෙස ඉල්ලා වස්කවි කියවූ පුද්ගලයකුගේ පහන් පැලද හොරු ගෙනගිය පුවතක් දකුණු පළාතේ ගිං ගඟ අසබඩ ගම්මානයකින් වාර්තා වේ.	අසබඩ	0.18	ළඟ	ළඟ	ළඟ	අසල	අසල	අසල	ආසන්න	ආසන්න	කිට්ටුව	කිට්ටුව
si_22	sinhala	ජාතික වශයෙන් උද්ගත වූ මේ අවශ්‍යතාව දුටු මාතර නගරයේ සුප්‍රකට ව්‍යාපාරිකයකු වූ සී.ඒ. ඕදිරිස් ද සිල්වා දානපතිඳුන් විසින් සිය පවුලේ උරුමය වූ සරම් වලව්ව පිහිටි අගනා භූමිය, වඩාත් ඉඩ පහසුකම් සහිත නව ගොඩනැඟිලි කීපයක් ඉදිකිරීම පිණිස පාසලට පරිත්‍යාග කරන ලදී.	භූමිය	0.19	ඉඩම	ඉඩම	ඉඩම	ඉඩම	ඉඩම	ඉඩම	ඉඩම්කොටස	ඉඩම්කොටස	බිම	බිම
si_23	sinhala	සක්දෙවිඳුන් යනු අතීත සංසාරයේ බොහෝ කාලයක් දාන, ශීල, භාවනා ආදී ත්‍රිවිධ පුණ්‍ය ක්‍රියා මැනවින් ඉහළ පරිසාධන මට්ටමකින් අසාමාන්‍ය ලෙස සිදුකළ උත්තමයෙකි.	පුණ්‍ය	0.26	කුසල්	කුසල්	කුසල්	කුසල්	කුසල්	පින්	පින්	පින්	හොඳ	හොඳ
si_24	sinhala	සුන්දර බදුල්ල නගරයේ සිට කිලෝමීටර් 13ක් පමණ දුරක් ගිය පසු මෙම දර්ශනීය ලී පාලම දැකබලාගත හැකි අතර විහාරස්ථානය අවට පවත්නා බෑවුම් සහිත භූමිය සහ විශාල ගස්වැල් හේතුවෙන් දුර සිට නරඹන්නන්ගේ දෑසින් මෙම විහාරස්ථානය ආවරණය වී ඇත.	දර්ශනීය	0.08	ලස්සන	ලස්සන	ලස්සන	ලස්සන	ලස්සන	පියකරු	පියකරු	පියකරු	දැකුම්කළු	දැකුම්කළු
si_25	sinhala	දින කිහිපයක සිට දුඟඳක් හමන බවට අසල්වැසියන් විසින් සිදුකළ දැනුම් දීමක් මත පොලිසිය එම නිවසට ගොස් පරීක්‍ෂා කිරීමේ දී එම නිවසේ ඇඳක් මත වයෝවෘද්ධ පිරිමි පුද්ගලයාගේ මළ සිරුර සොයාගෙන තිබේ.	වයෝවෘද්ධ	0.43	වයසක	වයසක	වයසක	වයසක	මහළු	මහළු	මහළු	නාකි	නාකි	වියපත්
si_26	sinhala	මෙම සිරිත ආරම්භවූයේ නෞකාවක කපිතාන් හෝ ජ්‍යේෂ්ඨ නිලධාරියෙකුගේ විපතේ දී ඔහුට දැක්වූ උපහාරයක් වශයෙනි. නැවේ අනෙකුත් කාර්යයමණ්ඩලය ධජය අඩකුඹුකර සිදුවූ විපත සිහිපත් කරයි.	ධජය	0.35	කොඩිය	කොඩිය	කොඩිය	කොඩිය	කොඩිය	කොඩිය	දදය	දදය	සලකුණ	සලකුණ
si_27	sinhala	තායිලන්තයේ රාජකීය සඟරජ පරපුරේ ප්‍රාකෘ උඩොම් දම්මානුකුල් විබන්පෑව් නායක ස්වාමීන් වහන්සේගේ අනුශාසනා පරිදි ලුවම් පු සෘෂි කෙත් කැච් තාපසතුමා ඇතුළු තායිලන්ත දායක දායිකාවන්ගේ අනුග්‍රහයෙන් මෙම ලෝහමය ප්‍රතිමාව ඉදිකර තිබේ.	ප්‍රතිමාව	0.26	පිළිමය	පිළිමය	පිළිමය	පිළිමය	පිළිරුව	පිළිරුව	පිළිරුව	පිළිරුව	අනුරුව	අනුරුව
si_28	sinhala	මෑතදී පුරාවිද්‍යා දෙපාර්තමේන්තුව විසින් කරන ලද ගවේෂණයන්හිදී සොයාගෙන ඇති අලුත් තොරතුරුත්, පුරාවස්තූන්ද මෙහි යටගිය කතාව තවත් පෝෂණය කරන්නට සාක්‍ෂි සපයා ඇත.	යටගිය	0.39	අතීත	අතීත	අතීත	අතීත	පැරණි	පැරණි	පැරණි	පුරාණ	පුරාණ	පුරාණ
si_29	sinhala	35 හැවිරිදි මෙසීගේ මෙම නවතම හුවමාරුව අනුව නැවතත් ඔහු⁣ගේ දිගුකාලින ප්‍රතිමල්ලවයා වන ක්‍රීස්ටියානෝ රොනල්ඩෝ අභිමුඛ වීමට නියමිතය.	ප්‍රතිමල්ලවයා	0.65	ප්‍රතිවාදියා	ප්‍රතිවාදියා	ප්‍රතිවාදියා	ප්‍රතිවාදියා	තරඟකරුවා	තරඟකරුවා	තරඟකරුවා	තරඟකරුවා	සතුරා	සතුරා
si_30	sinhala	සිද්ධිය පිලිබඳව සැලවූ දෙමාපියන් යුහුසුලව තම දරුවන් පාසලෙන් රැගෙන ගොස් තිබේ.	යුහුසුලව	0.11	ඉක්මනින්	ඉක්මනින්	ඉක්මනින්	වහාම	වහාම	වහාම	නොපමාව	නොපමාව	විගසින්	විගසින්
es_1	spanish	Notifique a su Banco o institución financiera la pérdida o robo de sus tarjetas, chequeras o si sospecha que alguien está utilizando sus cuentas sin su permiso.	notifique	0.45	diga	diga	diga	diga	diga	avise	avise	avise	avise	informe	informe	informe	comunique	comunique	comunique	avisa	alerten	comuniquen	expliquen	indique
es_2	spanish	Una falta de liquidez ocasiona problemas que pueden amenazar la permanencia del negocio en el mercado; problemas como: detención de pago de sueldos, falta de inventario, restricción de crédito de proveedores, falta de capital de trabajo, entre otros.	sueldos 	0.225	salarios	salarios	salarios	salarios	salarios	salarios	salarios	salarios	dinero	dinero	sueldo	nónimas	salario	pagas	mensualidades	pagos
es_3	spanish	Una falta de liquidez ocasiona problemas que pueden amenazar la permanencia del negocio en el mercado; problemas como: detención de pago de sueldos, falta de inventario, restricción de crédito de proveedores, falta de capital de trabajo, entre otros.	amenazar 	0.575	afectar	afectar	afectar	poner en peligro	poner en peligro	poner en peligro	amenazar	amenazar	peligrar	peligrar	desafiar	comprometer	dar problemas	provocar	poner en riesgo
es_4	spanish	Una falta de liquidez ocasiona problemas que pueden amenazar la permanencia del negocio en el mercado; problemas como: detención de pago de sueldos, falta de inventario, restricción de crédito de proveedores, falta de capital de trabajo, entre otros.	ocasiona 	0.575	produce	produce	produce	produce	produce	genera	genera	genera	genera	genera	causa	causa	causa	causa	causa	crea	crea	crea	provoca	provoca	provoca	da	resulta en	lleva a	le sigue
es_5	spanish	Cuando se visita a los norteamericanos y se estudian sus leyes, se ve que la autoridad que han dado a los legistas y la influencia que les han dejado tener en el gobierno, forman hoy la más poderosa barrera contra los desvíos de la democracia.	norteamericanos 	0.15	estadounidenses	estadounidenses	estadounidenses	estadounidenses	estadounidenses	americanos	americanos	americanos	norteamericanos	norteamericanos	estadunidenses	nortamericanos	gringos	yanquis
es_6	spanish	Cuando se visita a los norteamericanos y se estudian sus leyes, se ve que la autoridad que han dado a los legistas y la influencia que les han dejado tener en el gobierno, forman hoy la más poderosa barrera contra los desvíos de la democracia.	desvíos 	0.725	problemas	problemas	problemas	errores	errores	desvíos	desvíos	alejamientos	abandono	desviaciones	dificultades	malos usos	incumplimientos	alteraciones	irregularidades	caminos	difurcación	valores
es_7	spanish	Cuando se visita a los norteamericanos y se estudian sus leyes, se ve que la autoridad que han dado a los legistas y la influencia que les han dejado tener en el gobierno, forman hoy la más poderosa barrera contra los desvíos de la democracia.	legistas 	0.875	abogados	abogados	abogados	juristas	juristas	juristas	legisladores	legisladores	expertos en leyes	organizadores	gobernadores	letrados	personas de leyes	abogados y jueces	expertos	legistas
es_8	spanish	Dicha prosperidad o seguridad está estrechamente vinculada al trabajo, porque no existe aquélla sin el trabajo intenso, para el cual realmente no hay sustituto.	sustituto 	0.45	reemplazo	reemplazo	reemplazo	opción	opción	sustituto	sustituto	alternativa	alternativa	recambio	suplente	remplazo	otra persona	nadie más	solución	cambio	relevo
es_9	spanish	Dicha prosperidad o seguridad está estrechamente vinculada al trabajo, porque no existe aquélla sin el trabajo intenso, para el cual realmente no hay sustituto.	vinculada 	0.5	relacionada	relacionada	relacionada	relacionada	relacionada	relacionada	relacionada	unida	unida	unida	unida	unida	ligada	ligada	ligada	ligada	conectada	conectada	conectada	asociada	asociada	asociada	vinculada	atada
es_10	spanish	Dicha prosperidad o seguridad está estrechamente vinculada al trabajo, porque no existe aquélla sin el trabajo intenso, para el cual realmente no hay sustituto.	dicha 	0.675	esta	esta	esta	esta	esta	esta	esa	esa	esa	esa	esa	la	la	la	la mencionada	la mencionada	tal	tal	la nombrada	aquella	dicha
es_11	spanish	El único estado que no exige el seguro de responsabilidad exige a los automovilistas que demuestren que tienen fondos suficientes para cubrir los gastos si tienen la culpa en el incidente.	fondos 	0.25	dinero	dinero	dinero	dinero	dinero	dinero	dinero	recursos	recursos	recursos	reservas	reservas	ingresos	ingresos	dineros	bienes	medios	fondos	finanzas	capacidad	posibilidad	solvencia	plata
es_12	spanish	El único estado que no exige el seguro de responsabilidad exige a los automovilistas que demuestren que tienen fondos suficientes para cubrir los gastos si tienen la culpa en el incidente.	exige 	0.25	pide	pide	pide	pide	pide	pide	pide	pide	pide	demanda	demanda	demanda	demanda	requiere	requiere	requiere	reclama	reclama	obliga	solicita	precisa
es_13	spanish	El único estado que no exige el seguro de responsabilidad exige a los automovilistas que demuestren que tienen fondos suficientes para cubrir los gastos si tienen la culpa en el incidente.	demuestren 	0.35	muestren	muestren	muestren	muestren	muestren	muestren	muestren	prueben	prueben	prueben	prueben	prueben	prueben	enseñen	enseñen	justifiquen	justifiquen	indiquen	verifiquen	expresen	expliquen	manifiesten
es_14	spanish	Las comunidades dependen de la producción de bienes y servicios producidos para mover la economía lo más equilibradamente posible.	producidos 	0.15	hechos	hechos	hechos	hechos	hechos	generados	generados	generados	elaborados	elaborados	creados	creados	producidos	usados	fabricados	realizados
es_15	spanish	Las comunidades dependen de la producción de bienes y servicios producidos para mover la economía lo más equilibradamente posible.	comunidades 	0.175	comunidades	comunidades	comunidades	personas	personas	asociaciones	asociaciones	sociedades	sociedades	poblaciones	poblaciones	poblaciónes	pueblos	regiones	agrupaciones
es_16	spanish	Las comunidades dependen de la producción de bienes y servicios producidos para mover la economía lo más equilibradamente posible.	equilibradamente 	0.325	balanceadamente	balanceadamente	mesuradamente	igualado	sensato	de forma balanceada	equitativamente	de forma equilibrada	facilmente	suavemente	correctamente	perfectamente	uniformemente	niveladamente	llanamente	aplanadamente	ajustadamente	controladamente	igualitariamente	justamente
es_17	spanish	Los documentos debe archivarlos en fólderes o carpetas separados, identificando cada carpeta y organizándola en orden alfabético o por asuntos, en un archivador o caja de seguridad.	carpeta 	0.1	carpeta	carpeta	carpeta	carpeta	carpeta	carpeta	carpeta	carpeta	archivo	archivo	folder
es_18	spanish	Los documentos debe archivarlos en fólderes o carpetas separados, identificando cada carpeta y organizándola en orden alfabético o por asuntos, en un archivador o caja de seguridad.	archivarlo 	0.55	guardarlos	guardarlos	guardarlos	guardarlos	guardarlo	guardarlo	guardarlo	almacenarlos	almacenarlos	resguardarlos	reservarlo	preservarlo	copiarlo	guardarlo con orden	colocar con orden	tenerlos	almacenarlo	ordenarlo	colocados	almacenados	ordenados
es_19	spanish	Los documentos debe archivarlos en fólderes o carpetas separados, identificando cada carpeta y organizándola en orden alfabético o por asuntos, en un archivador o caja de seguridad.	archivador 	0.65	archivador	archivador	archivador	carpeta	carpeta	caja	cajón	clasificador	archivo	fichero	guardapapeles	dosier	depósito
es_20	spanish	Los seguros son una modalidad de gestión financiera que le ayudará a las personas a prevenir descalabros en sus ingresos y en su seguridad personal que en un momento dado son inevitables y que a cualquier persona pueden ocurrirle.	prevenir 	0.375	evitar	evitar	evitar	evitar	evitar	evitar	prever	anticipar	parar	escapar	salvarse de	impedir	prevenir	adelantar	intuir
es_21	spanish	Los seguros son una modalidad de gestión financiera que le ayudará a las personas a prevenir descalabros en sus ingresos y en su seguridad personal que en un momento dado son inevitables y que a cualquier persona pueden ocurrirle.	modalidad 	0.6	forma	forma	forma	forma	forma	manera	manera	manera	manera	tipo	tipo	tipo	modo	modo	modo	opción	sistema	vía	modalidad	clase
es_22	spanish	Los seguros son una modalidad de gestión financiera que le ayudará a las personas a prevenir descalabros en sus ingresos y en su seguridad personal que en un momento dado son inevitables y que a cualquier persona pueden ocurrirle.	descalabros 	0.725	problemas	problemas	problemas	problemas	daños	daños	daños	contratiempos	perdidas	perjuicios	despilfarro	sobre gastos	pérdidas	dificultades	grandes pérdidas	mucha reducción	desordenes	desajustes	altibajos	caidas	bajadas	desequilibros	líos	complicaciones
es_23	spanish	Notifique a su Banco o institución financiera la pérdida o robo de sus tarjetas, chequeras o si sospecha que alguien está utilizando sus cuentas sin su permiso.	utilizando 	0.075	usando	usando	usando	usando	usando	usando	usando	usando	usando	accediendo a	empleando	aprovechando	manipulando
es_24	spanish	Notifique a su Banco o institución financiera la pérdida o robo de sus tarjetas, chequeras o si sospecha que alguien está utilizando sus cuentas sin su permiso.	chequeras 	0.7	chequeras	chequeras	chequeras	chequeras	chequeras	chequeras	telonarios	talones	papel de cheques	cheques	talonario de cheques
es_25	spanish	Pueden estar colmados de desbarajustes y el bienestar de la familia puede estar en una terrible situación, pero ellos ya se acostumbraron a ella.	acostumbraron 	0.2	adaptaron	adaptaron	adaptaron	adaptaron	habituaron	habituaron	habituaron	habituaron	acostumbraron	acostumbraron	acomodaron	hicieron	normalizado	familiarizaron	amoldaron	ajustaron
es_26	spanish	Pueden estar colmados de desbarajustes y el bienestar de la familia puede estar en una terrible situación, pero ellos ya se acostumbraron a ella.	colmados 	0.675	llenos	llenos	llenos	llenos	llenos	llenos	llenos	llenos	repletos	repletos	repletos	completos	colmados	lleno
es_27	spanish	Pueden estar colmados de desbarajustes y el bienestar de la familia puede estar en una terrible situación, pero ellos ya se acostumbraron a ella.	desbarajustes 	0.8	problemas	problemas	problemas	problemas	desequilibrios	desequilibrios	caos	caos	desordenes	desordenes	desorden	líos	incorrecciones	chapuzas	enredos	desbarajustes	sucesos	inconvenientes	complicaciones
es_28	spanish	Y le va a presentar algunos retos personales pero no es ese escenario lúgubre que tal vez esperaría.	esperaría 	0.2	esperaría	esperaría	esperaría	esperaría	desearía	desearía	desearía	creería	quierería	pueda pensar	pueda creer	pueda imaginarse	imaginaria	pensaria	creeria
es_29	spanish	Y le va a presentar algunos retos personales pero no es ese escenario lúgubre que tal vez esperaría.	retos 	0.45	desafíos	desafíos	desafíos	desafíos	problemas	problemas	problemas	dificultades	dificultades	pruebas	pruebas	desafios	deasfíos	esfuerzos	objetivos
es_30	spanish	Y le va a presentar algunos retos personales pero no es ese escenario lúgubre que tal vez esperaría.	lúgubre 	0.675	oscuro	oscuro	oscuro	oscuro	oscuro	triste	triste	triste	triste	difícil	difícil	complicado	tenebroso	depresivo	complejo	mal	mala	desesperada	sombrío	lúgubre	desolador	siniestro	cutre
